location,date,lockdown_in_effect
Australia,1/26/2020,FALSE
Australia,1/27/2020,FALSE
Australia,1/28/2020,FALSE
Australia,1/29/2020,FALSE
Australia,1/30/2020,FALSE
Australia,1/31/2020,FALSE
Australia,2/1/2020,FALSE
Australia,2/2/2020,FALSE
Australia,2/3/2020,FALSE
Australia,2/4/2020,FALSE
Australia,2/5/2020,FALSE
Australia,2/6/2020,FALSE
Australia,2/7/2020,FALSE
Australia,2/8/2020,FALSE
Australia,2/9/2020,FALSE
Australia,2/10/2020,FALSE
Australia,2/11/2020,FALSE
Australia,2/12/2020,FALSE
Australia,2/13/2020,FALSE
Australia,2/14/2020,FALSE
Australia,2/15/2020,FALSE
Australia,2/16/2020,FALSE
Australia,2/17/2020,FALSE
Australia,2/18/2020,FALSE
Australia,2/19/2020,FALSE
Australia,2/20/2020,FALSE
Australia,2/21/2020,FALSE
Australia,2/22/2020,FALSE
Australia,2/23/2020,FALSE
Australia,2/24/2020,FALSE
Australia,2/25/2020,FALSE
Australia,2/26/2020,FALSE
Australia,2/27/2020,FALSE
Australia,2/28/2020,FALSE
Australia,2/29/2020,FALSE
Australia,3/1/2020,FALSE
Australia,3/2/2020,FALSE
Australia,3/3/2020,FALSE
Australia,3/4/2020,FALSE
Australia,3/5/2020,FALSE
Australia,3/6/2020,FALSE
Australia,3/7/2020,FALSE
Australia,3/8/2020,FALSE
Australia,3/9/2020,FALSE
Australia,3/10/2020,FALSE
Australia,3/11/2020,FALSE
Australia,3/12/2020,FALSE
Australia,3/13/2020,TRUE
Australia,3/14/2020,TRUE
Australia,3/15/2020,TRUE
Australia,3/16/2020,TRUE
Australia,3/17/2020,TRUE
Australia,3/18/2020,TRUE
Australia,3/19/2020,TRUE
Australia,3/20/2020,TRUE
Australia,3/21/2020,TRUE
Australia,3/22/2020,TRUE
Australia,3/23/2020,TRUE
Australia,3/24/2020,TRUE
Australia,3/25/2020,TRUE
Australia,3/26/2020,TRUE
Australia,3/27/2020,TRUE
Australia,3/28/2020,TRUE
Australia,3/29/2020,TRUE
Australia,3/30/2020,TRUE
Australia,3/31/2020,TRUE
Australia,4/1/2020,TRUE
Australia,4/2/2020,TRUE
Australia,4/3/2020,TRUE
Australia,4/4/2020,TRUE
Australia,4/5/2020,TRUE
Australia,4/6/2020,TRUE
Australia,4/7/2020,TRUE
Australia,4/8/2020,TRUE
Australia,4/9/2020,TRUE
Australia,4/10/2020,TRUE
Australia,4/11/2020,TRUE
Australia,4/12/2020,TRUE
Australia,4/13/2020,TRUE
Australia,4/14/2020,TRUE
Australia,4/15/2020,TRUE
Australia,4/16/2020,TRUE
Australia,4/17/2020,TRUE
Australia,4/18/2020,TRUE
Australia,4/19/2020,TRUE
Australia,4/20/2020,TRUE
Australia,4/21/2020,TRUE
Australia,4/22/2020,TRUE
Australia,4/23/2020,TRUE
Australia,4/24/2020,TRUE
Australia,4/25/2020,TRUE
Australia,4/26/2020,TRUE
Australia,4/27/2020,TRUE
Australia,4/28/2020,TRUE
Australia,4/29/2020,TRUE
Australia,4/30/2020,TRUE
Australia,5/1/2020,TRUE
Australia,5/2/2020,TRUE
Australia,5/3/2020,TRUE
Australia,5/4/2020,TRUE
Australia,5/5/2020,TRUE
Australia,5/6/2020,TRUE
Australia,5/7/2020,TRUE
Australia,5/8/2020,TRUE
Australia,5/9/2020,TRUE
Australia,5/10/2020,TRUE
Australia,5/11/2020,TRUE
Australia,5/12/2020,TRUE
Australia,5/13/2020,TRUE
Australia,5/14/2020,TRUE
Australia,5/15/2020,TRUE
Australia,5/16/2020,TRUE
Australia,5/17/2020,TRUE
Australia,5/18/2020,TRUE
Australia,5/19/2020,TRUE
Australia,5/20/2020,TRUE
Australia,5/21/2020,TRUE
Australia,5/22/2020,TRUE
Australia,5/23/2020,TRUE
Australia,5/24/2020,TRUE
Australia,5/25/2020,TRUE
Australia,5/26/2020,TRUE
Australia,5/27/2020,TRUE
Australia,5/28/2020,TRUE
Australia,5/29/2020,TRUE
Australia,5/30/2020,TRUE
Australia,5/31/2020,TRUE
Australia,6/1/2020,TRUE
Australia,6/2/2020,TRUE
Australia,6/3/2020,TRUE
Australia,6/4/2020,TRUE
Australia,6/5/2020,TRUE
Australia,6/6/2020,TRUE
Australia,6/7/2020,TRUE
Australia,6/8/2020,TRUE
Australia,6/9/2020,TRUE
Australia,6/10/2020,TRUE
Australia,6/11/2020,TRUE
Australia,6/12/2020,TRUE
Australia,6/13/2020,TRUE
Australia,6/14/2020,TRUE
Australia,6/15/2020,TRUE
Australia,6/16/2020,TRUE
Australia,6/17/2020,TRUE
Australia,6/18/2020,TRUE
Australia,6/19/2020,TRUE
Australia,6/20/2020,TRUE
Australia,6/21/2020,TRUE
Australia,6/22/2020,TRUE
Australia,6/23/2020,TRUE
Australia,6/24/2020,TRUE
Australia,6/25/2020,TRUE
Australia,6/26/2020,TRUE
Australia,6/27/2020,TRUE
Australia,6/28/2020,TRUE
Australia,6/29/2020,TRUE
Australia,6/30/2020,TRUE
Australia,7/1/2020,TRUE
Australia,7/2/2020,TRUE
Australia,7/3/2020,TRUE
Australia,7/4/2020,TRUE
Australia,7/5/2020,TRUE
Australia,7/6/2020,TRUE
Australia,7/7/2020,TRUE
Australia,7/8/2020,TRUE
Australia,7/9/2020,TRUE
Australia,7/10/2020,TRUE
Australia,7/11/2020,TRUE
Australia,7/12/2020,TRUE
Australia,7/13/2020,TRUE
Australia,7/14/2020,TRUE
Australia,7/15/2020,TRUE
Australia,7/16/2020,TRUE
Australia,7/17/2020,TRUE
Australia,7/18/2020,TRUE
Australia,7/19/2020,TRUE
Australia,7/20/2020,TRUE
Australia,7/21/2020,TRUE
Australia,7/22/2020,TRUE
Australia,7/23/2020,TRUE
Australia,7/24/2020,TRUE
Australia,7/25/2020,TRUE
Australia,7/26/2020,TRUE
Australia,7/27/2020,TRUE
Australia,7/28/2020,TRUE
Australia,7/29/2020,TRUE
Australia,7/30/2020,TRUE
Australia,7/31/2020,TRUE
Australia,8/1/2020,TRUE
Australia,8/2/2020,TRUE
Australia,8/3/2020,TRUE
Australia,8/4/2020,TRUE
Australia,8/5/2020,TRUE
Australia,8/6/2020,TRUE
Australia,8/7/2020,TRUE
Australia,8/8/2020,TRUE
Australia,8/9/2020,TRUE
Australia,8/10/2020,TRUE
Australia,8/11/2020,TRUE
Australia,8/12/2020,TRUE
Australia,8/13/2020,TRUE
Australia,8/14/2020,TRUE
Australia,8/15/2020,TRUE
Australia,8/16/2020,TRUE
Australia,8/17/2020,TRUE
Australia,8/18/2020,TRUE
Australia,8/19/2020,TRUE
Australia,8/20/2020,TRUE
Australia,8/21/2020,TRUE
Australia,8/22/2020,TRUE
Australia,8/23/2020,TRUE
Australia,8/24/2020,TRUE
Australia,8/25/2020,TRUE
Australia,8/26/2020,TRUE
Australia,8/27/2020,TRUE
Australia,8/28/2020,TRUE
Australia,8/29/2020,TRUE
Australia,8/30/2020,TRUE
Australia,8/31/2020,TRUE
Australia,9/1/2020,TRUE
Australia,9/2/2020,TRUE
Australia,9/3/2020,TRUE
Australia,9/4/2020,TRUE
Australia,9/5/2020,TRUE
Australia,9/6/2020,TRUE
Australia,9/7/2020,TRUE
Australia,9/8/2020,TRUE
Australia,9/9/2020,TRUE
Australia,9/10/2020,TRUE
Australia,9/11/2020,TRUE
Australia,9/12/2020,TRUE
Australia,9/13/2020,TRUE
Australia,9/14/2020,TRUE
Australia,9/15/2020,TRUE
Australia,9/16/2020,TRUE
Australia,9/17/2020,TRUE
Australia,9/18/2020,TRUE
Australia,9/19/2020,TRUE
Australia,9/20/2020,TRUE
Australia,9/21/2020,TRUE
Australia,9/22/2020,TRUE
Australia,9/23/2020,TRUE
Australia,9/24/2020,TRUE
Australia,9/25/2020,TRUE
Australia,9/26/2020,TRUE
Australia,9/27/2020,TRUE
Australia,9/28/2020,TRUE
Australia,9/29/2020,TRUE
Australia,9/30/2020,TRUE
Australia,10/1/2020,TRUE
Australia,10/2/2020,TRUE
Australia,10/3/2020,TRUE
Australia,10/4/2020,TRUE
Australia,10/5/2020,TRUE
Australia,10/6/2020,TRUE
Australia,10/7/2020,TRUE
Australia,10/8/2020,TRUE
Australia,10/9/2020,TRUE
Australia,10/10/2020,TRUE
Australia,10/11/2020,TRUE
Australia,10/12/2020,TRUE
Australia,10/13/2020,TRUE
Australia,10/14/2020,TRUE
Australia,10/15/2020,TRUE
Australia,10/16/2020,TRUE
Australia,10/17/2020,TRUE
Australia,10/18/2020,TRUE
Australia,10/19/2020,TRUE
Australia,10/20/2020,TRUE
Australia,10/21/2020,TRUE
Australia,10/22/2020,TRUE
Australia,10/23/2020,TRUE
Australia,10/24/2020,TRUE
Australia,10/25/2020,TRUE
Australia,10/26/2020,TRUE
Australia,10/27/2020,TRUE
Australia,10/28/2020,TRUE
Australia,10/29/2020,TRUE
Australia,10/30/2020,TRUE
Australia,10/31/2020,TRUE
Australia,11/1/2020,TRUE
Australia,11/2/2020,TRUE
Australia,11/3/2020,TRUE
Australia,11/4/2020,TRUE
Australia,11/5/2020,TRUE
Australia,11/6/2020,TRUE
Australia,11/7/2020,TRUE
Australia,11/8/2020,TRUE
Australia,11/9/2020,TRUE
Australia,11/10/2020,TRUE
Australia,11/11/2020,TRUE
Australia,11/12/2020,TRUE
Australia,11/13/2020,TRUE
Australia,11/14/2020,TRUE
Australia,11/15/2020,TRUE
Australia,11/16/2020,TRUE
Australia,11/17/2020,TRUE
Australia,11/18/2020,TRUE
Australia,11/19/2020,TRUE
Australia,11/20/2020,TRUE
Australia,11/21/2020,TRUE
Australia,11/22/2020,TRUE
Australia,11/23/2020,TRUE
Australia,11/24/2020,TRUE
Australia,11/25/2020,TRUE
Australia,11/26/2020,TRUE
Australia,11/27/2020,TRUE
Australia,11/28/2020,TRUE
Australia,11/29/2020,TRUE
Australia,11/30/2020,TRUE
Australia,12/1/2020,TRUE
Australia,12/2/2020,TRUE
Australia,12/3/2020,TRUE
Australia,12/4/2020,TRUE
Australia,12/5/2020,TRUE
Australia,12/6/2020,TRUE
Australia,12/7/2020,TRUE
Australia,12/8/2020,TRUE
Australia,12/9/2020,TRUE
Australia,12/10/2020,TRUE
Australia,12/11/2020,TRUE
Australia,12/12/2020,TRUE
Australia,12/13/2020,TRUE
Australia,12/14/2020,TRUE
Australia,12/15/2020,TRUE
Australia,12/16/2020,TRUE
Australia,12/17/2020,TRUE
Australia,12/18/2020,TRUE
Australia,12/19/2020,TRUE
Australia,12/20/2020,TRUE
Australia,12/21/2020,TRUE
Australia,12/22/2020,TRUE
Australia,12/23/2020,TRUE
Australia,12/24/2020,TRUE
Australia,12/25/2020,TRUE
Australia,12/26/2020,TRUE
Australia,12/27/2020,TRUE
Australia,12/28/2020,TRUE
Australia,12/29/2020,TRUE
Australia,12/30/2020,TRUE
Australia,12/31/2020,TRUE
Australia,1/1/2021,TRUE
Australia,1/2/2021,TRUE
Australia,1/3/2021,TRUE
Australia,1/4/2021,TRUE
Australia,1/5/2021,TRUE
Australia,1/6/2021,TRUE
Australia,1/7/2021,TRUE
Australia,1/8/2021,TRUE
Australia,1/9/2021,TRUE
Australia,1/10/2021,TRUE
Australia,1/11/2021,TRUE
Australia,1/12/2021,TRUE
Australia,1/13/2021,TRUE
Australia,1/14/2021,TRUE
Australia,1/15/2021,TRUE
Australia,1/16/2021,TRUE
Australia,1/17/2021,TRUE
Australia,1/18/2021,TRUE
Australia,1/19/2021,TRUE
Australia,1/20/2021,TRUE
Australia,1/21/2021,TRUE
Australia,1/22/2021,TRUE
Australia,1/23/2021,TRUE
Australia,1/24/2021,TRUE
Australia,1/25/2021,TRUE
Australia,1/26/2021,TRUE
Australia,1/27/2021,TRUE
Australia,1/28/2021,TRUE
Australia,1/29/2021,TRUE
Australia,1/30/2021,TRUE
Australia,1/31/2021,TRUE
Australia,2/1/2021,TRUE
Australia,2/2/2021,TRUE
Australia,2/3/2021,TRUE
Australia,2/4/2021,TRUE
Australia,2/5/2021,TRUE
Australia,2/6/2021,TRUE
Australia,2/7/2021,TRUE
Australia,2/8/2021,TRUE
Australia,2/9/2021,TRUE
Australia,2/10/2021,TRUE
Australia,2/11/2021,TRUE
Australia,2/12/2021,TRUE
Australia,2/13/2021,TRUE
Australia,2/14/2021,TRUE
Australia,2/15/2021,TRUE
Australia,2/16/2021,TRUE
Australia,2/17/2021,TRUE
Australia,2/18/2021,TRUE
Australia,2/19/2021,TRUE
Australia,2/20/2021,TRUE
Australia,2/21/2021,TRUE
Australia,2/22/2021,TRUE
Australia,2/23/2021,TRUE
Australia,2/24/2021,TRUE
Australia,2/25/2021,TRUE
Australia,2/26/2021,TRUE
Australia,2/27/2021,TRUE
Australia,2/28/2021,TRUE
Australia,3/1/2021,TRUE
Australia,3/2/2021,TRUE
Australia,3/3/2021,TRUE
Australia,3/4/2021,TRUE
Australia,3/5/2021,TRUE
Australia,3/6/2021,TRUE
Australia,3/7/2021,TRUE
Australia,3/8/2021,TRUE
Australia,3/9/2021,TRUE
Australia,3/10/2021,TRUE
Australia,3/11/2021,TRUE
Australia,3/12/2021,TRUE
Australia,3/13/2021,TRUE
Australia,3/14/2021,TRUE
Australia,3/15/2021,TRUE
Australia,3/16/2021,TRUE
Australia,3/17/2021,TRUE
Australia,3/18/2021,TRUE
Australia,3/19/2021,TRUE
Australia,3/20/2021,TRUE
Australia,3/21/2021,TRUE
Australia,3/22/2021,TRUE
Australia,3/23/2021,TRUE
Australia,3/24/2021,TRUE
Australia,3/25/2021,TRUE
Australia,3/26/2021,TRUE
Australia,3/27/2021,TRUE
Australia,3/28/2021,TRUE
Australia,3/29/2021,TRUE
Australia,3/30/2021,TRUE
Australia,3/31/2021,TRUE
Australia,4/1/2021,TRUE
Australia,4/2/2021,TRUE
Australia,4/3/2021,TRUE
Australia,4/4/2021,TRUE
Australia,4/5/2021,TRUE
Australia,4/6/2021,TRUE
Australia,4/7/2021,TRUE
Australia,4/8/2021,TRUE
Australia,4/9/2021,TRUE
Australia,4/10/2021,TRUE
Australia,4/11/2021,TRUE
Australia,4/12/2021,TRUE
Australia,4/13/2021,TRUE
Australia,4/14/2021,TRUE
Australia,4/15/2021,TRUE
Australia,4/16/2021,TRUE
Australia,4/17/2021,TRUE
Australia,4/18/2021,TRUE
Australia,4/19/2021,TRUE
Australia,4/20/2021,TRUE
Australia,4/21/2021,TRUE
Australia,4/22/2021,TRUE
Australia,4/23/2021,TRUE
Australia,4/24/2021,TRUE
Australia,4/25/2021,TRUE
Australia,4/26/2021,TRUE
Australia,4/27/2021,TRUE
Australia,4/28/2021,TRUE
Australia,4/29/2021,TRUE
Australia,4/30/2021,TRUE
Australia,5/1/2021,TRUE
Australia,5/2/2021,TRUE
Australia,5/3/2021,TRUE
Australia,5/4/2021,TRUE
Australia,5/5/2021,TRUE
Australia,5/6/2021,TRUE
Australia,5/7/2021,TRUE
Australia,5/8/2021,TRUE
Australia,5/9/2021,TRUE
Australia,5/10/2021,TRUE
Australia,5/11/2021,TRUE
Australia,5/12/2021,TRUE
Australia,5/13/2021,TRUE
Australia,5/14/2021,TRUE
Australia,5/15/2021,TRUE
Australia,5/16/2021,TRUE
Australia,5/17/2021,TRUE
Australia,5/18/2021,TRUE
Australia,5/19/2021,TRUE
Australia,5/20/2021,TRUE
Australia,5/21/2021,TRUE
Australia,5/22/2021,TRUE
Australia,5/23/2021,TRUE
Australia,5/24/2021,TRUE
Australia,5/25/2021,TRUE
Australia,5/26/2021,TRUE
Australia,5/27/2021,TRUE
Australia,5/28/2021,TRUE
Australia,5/29/2021,TRUE
Australia,5/30/2021,TRUE
Australia,5/31/2021,TRUE
Australia,6/1/2021,TRUE
Australia,6/2/2021,TRUE
Australia,6/3/2021,TRUE
Australia,6/4/2021,TRUE
Australia,6/5/2021,TRUE
Australia,6/6/2021,TRUE
Australia,6/7/2021,TRUE
Australia,6/8/2021,TRUE
Australia,6/9/2021,TRUE
Australia,6/10/2021,TRUE
Australia,6/11/2021,TRUE
Australia,6/12/2021,TRUE
Australia,6/13/2021,TRUE
Australia,6/14/2021,TRUE
Australia,6/15/2021,TRUE
Australia,6/16/2021,TRUE
Australia,6/17/2021,TRUE
Australia,6/18/2021,TRUE
Australia,6/19/2021,TRUE
Australia,6/20/2021,TRUE
Australia,6/21/2021,TRUE
Australia,6/22/2021,TRUE
Australia,6/23/2021,TRUE
Australia,6/24/2021,TRUE
Australia,6/25/2021,TRUE
Australia,6/26/2021,TRUE
Australia,6/27/2021,TRUE
Australia,6/28/2021,TRUE
Australia,6/29/2021,TRUE
Australia,6/30/2021,TRUE
Australia,7/1/2021,TRUE
Australia,7/2/2021,TRUE
Australia,7/3/2021,TRUE
Australia,7/4/2021,TRUE
Australia,7/5/2021,TRUE
Australia,7/6/2021,TRUE
Australia,7/7/2021,TRUE
Australia,7/8/2021,TRUE
Australia,7/9/2021,TRUE
Australia,7/10/2021,TRUE
Australia,7/11/2021,TRUE
Australia,7/12/2021,TRUE
Australia,7/13/2021,TRUE
Australia,7/14/2021,TRUE
Australia,7/15/2021,TRUE
Australia,7/16/2021,TRUE
Australia,7/17/2021,TRUE
Australia,7/18/2021,TRUE
Australia,7/19/2021,TRUE
Australia,7/20/2021,TRUE
Australia,7/21/2021,TRUE
Australia,7/22/2021,TRUE
Australia,7/23/2021,TRUE
Australia,7/24/2021,TRUE
Australia,7/25/2021,TRUE
Australia,7/26/2021,TRUE
Australia,7/27/2021,TRUE
Australia,7/28/2021,TRUE
Australia,7/29/2021,TRUE
Australia,7/30/2021,TRUE
Australia,7/31/2021,TRUE
Australia,8/1/2021,TRUE
Australia,8/2/2021,TRUE
Australia,8/3/2021,TRUE
Australia,8/4/2021,TRUE
Australia,8/5/2021,TRUE
Australia,8/6/2021,TRUE
Australia,8/7/2021,TRUE
Australia,8/8/2021,TRUE
Australia,8/9/2021,TRUE
Australia,8/10/2021,TRUE
Australia,8/11/2021,TRUE
Australia,8/12/2021,TRUE
Australia,8/13/2021,TRUE
Australia,8/14/2021,TRUE
Australia,8/15/2021,TRUE
Australia,8/16/2021,TRUE
Australia,8/17/2021,TRUE
Australia,8/18/2021,TRUE
Australia,8/19/2021,TRUE
Australia,8/20/2021,TRUE
Australia,8/21/2021,TRUE
Australia,8/22/2021,TRUE
Australia,8/23/2021,TRUE
Australia,8/24/2021,TRUE
Australia,8/25/2021,TRUE
Australia,8/26/2021,TRUE
Australia,8/27/2021,TRUE
Australia,8/28/2021,TRUE
Australia,8/29/2021,TRUE
Australia,8/30/2021,TRUE
Australia,8/31/2021,TRUE
Australia,9/1/2021,TRUE
Australia,9/2/2021,TRUE
Australia,9/3/2021,TRUE
Australia,9/4/2021,TRUE
Australia,9/5/2021,TRUE
Australia,9/6/2021,TRUE
Australia,9/7/2021,TRUE
Australia,9/8/2021,TRUE
Australia,9/9/2021,TRUE
Australia,9/10/2021,TRUE
Australia,9/11/2021,TRUE
Australia,9/12/2021,TRUE
Australia,9/13/2021,TRUE
Australia,9/14/2021,TRUE
Australia,9/15/2021,TRUE
Australia,9/16/2021,TRUE
Australia,9/17/2021,TRUE
Australia,9/18/2021,TRUE
Australia,9/19/2021,TRUE
Australia,9/20/2021,TRUE
Australia,9/21/2021,TRUE
Australia,9/22/2021,TRUE
Australia,9/23/2021,TRUE
Australia,9/24/2021,TRUE
Australia,9/25/2021,TRUE
Australia,9/26/2021,TRUE
Australia,9/27/2021,TRUE
Australia,9/28/2021,TRUE
Australia,9/29/2021,TRUE
Australia,9/30/2021,TRUE
Australia,10/1/2021,TRUE
Australia,10/2/2021,TRUE
Australia,10/3/2021,TRUE
Australia,10/4/2021,TRUE
Australia,10/5/2021,TRUE
Australia,10/6/2021,TRUE
Australia,10/7/2021,TRUE
Australia,10/8/2021,TRUE
Australia,10/9/2021,TRUE
Australia,10/10/2021,TRUE
Australia,10/11/2021,TRUE
Australia,10/12/2021,TRUE
Australia,10/13/2021,TRUE
Australia,10/14/2021,TRUE
Australia,10/15/2021,TRUE
Australia,10/16/2021,TRUE
Australia,10/17/2021,TRUE
Australia,10/18/2021,TRUE
Australia,10/19/2021,TRUE
Australia,10/20/2021,TRUE
Australia,10/21/2021,TRUE
Australia,10/22/2021,FALSE
Australia,10/23/2021,FALSE
Australia,10/24/2021,FALSE
Australia,10/25/2021,FALSE
Australia,10/26/2021,FALSE
Australia,10/27/2021,FALSE
Australia,10/28/2021,FALSE
Australia,10/29/2021,FALSE
Australia,10/30/2021,FALSE
Australia,10/31/2021,FALSE
Australia,11/1/2021,FALSE
Australia,11/2/2021,FALSE
Australia,11/3/2021,FALSE
Australia,11/4/2021,FALSE
Australia,11/5/2021,FALSE
Australia,11/6/2021,FALSE
Australia,11/7/2021,FALSE
Australia,11/8/2021,FALSE
Australia,11/9/2021,FALSE
Australia,11/10/2021,FALSE
Australia,11/11/2021,FALSE
Australia,11/12/2021,FALSE
Australia,11/13/2021,FALSE
Australia,11/14/2021,FALSE
Australia,11/15/2021,FALSE
Australia,11/16/2021,FALSE
Australia,11/17/2021,FALSE
Australia,11/18/2021,FALSE
Australia,11/19/2021,FALSE
Australia,11/20/2021,FALSE
Australia,11/21/2021,FALSE
Australia,11/22/2021,FALSE
Australia,11/23/2021,FALSE
Australia,11/24/2021,FALSE
Australia,11/25/2021,FALSE
Australia,11/26/2021,FALSE
Australia,11/27/2021,FALSE
Australia,11/28/2021,FALSE
Australia,11/29/2021,FALSE
Australia,11/30/2021,FALSE
Australia,12/1/2021,FALSE
Australia,12/2/2021,FALSE
Australia,12/3/2021,FALSE
Australia,12/4/2021,FALSE
Australia,12/5/2021,FALSE
Australia,12/6/2021,FALSE
Australia,12/7/2021,FALSE
Australia,12/8/2021,FALSE
Australia,12/9/2021,FALSE
Australia,12/10/2021,FALSE
Australia,12/11/2021,FALSE
Australia,12/12/2021,FALSE
Australia,12/13/2021,FALSE
Australia,12/14/2021,FALSE
Australia,12/15/2021,FALSE
Australia,12/16/2021,FALSE
Australia,12/17/2021,FALSE
Australia,12/18/2021,FALSE
Australia,12/19/2021,FALSE
Australia,12/20/2021,FALSE
Australia,12/21/2021,FALSE
Australia,12/22/2021,FALSE
Australia,12/23/2021,FALSE
Australia,12/24/2021,FALSE
Australia,12/25/2021,FALSE
Australia,12/26/2021,FALSE
Australia,12/27/2021,FALSE
Australia,12/28/2021,FALSE
Australia,12/29/2021,FALSE
Australia,12/30/2021,FALSE
Australia,12/31/2021,FALSE
Australia,1/1/2022,FALSE
Australia,1/2/2022,FALSE
Australia,1/3/2022,FALSE
Australia,1/4/2022,FALSE
Australia,1/5/2022,FALSE
Australia,1/6/2022,FALSE
Australia,1/7/2022,FALSE
Australia,1/8/2022,FALSE
Australia,1/9/2022,FALSE
Australia,1/10/2022,FALSE
Australia,1/11/2022,FALSE
Australia,1/12/2022,FALSE
Australia,1/13/2022,FALSE
Australia,1/14/2022,FALSE
Australia,1/15/2022,FALSE
Australia,1/16/2022,FALSE
Australia,1/17/2022,FALSE
Australia,1/18/2022,FALSE
Australia,1/19/2022,FALSE
Australia,1/20/2022,FALSE
Australia,1/21/2022,FALSE
Australia,1/22/2022,FALSE
Australia,1/23/2022,FALSE
Australia,1/24/2022,FALSE
Australia,1/25/2022,FALSE
Australia,1/26/2022,FALSE
Australia,1/27/2022,FALSE
Australia,1/28/2022,FALSE
Australia,1/29/2022,FALSE
Australia,1/30/2022,FALSE
Australia,1/31/2022,FALSE
Australia,2/1/2022,FALSE
Australia,2/2/2022,FALSE
India,1/30/2020,FALSE
India,1/31/2020,FALSE
India,2/1/2020,FALSE
India,2/2/2020,FALSE
India,2/3/2020,FALSE
India,2/4/2020,FALSE
India,2/5/2020,FALSE
India,2/6/2020,FALSE
India,2/7/2020,FALSE
India,2/8/2020,FALSE
India,2/9/2020,FALSE
India,2/10/2020,FALSE
India,2/11/2020,FALSE
India,2/12/2020,FALSE
India,2/13/2020,FALSE
India,2/14/2020,FALSE
India,2/15/2020,FALSE
India,2/16/2020,FALSE
India,2/17/2020,FALSE
India,2/18/2020,FALSE
India,2/19/2020,FALSE
India,2/20/2020,FALSE
India,2/21/2020,FALSE
India,2/22/2020,FALSE
India,2/23/2020,FALSE
India,2/24/2020,FALSE
India,2/25/2020,FALSE
India,2/26/2020,FALSE
India,2/27/2020,FALSE
India,2/28/2020,FALSE
India,2/29/2020,FALSE
India,3/1/2020,FALSE
India,3/2/2020,FALSE
India,3/3/2020,FALSE
India,3/4/2020,FALSE
India,3/5/2020,FALSE
India,3/6/2020,FALSE
India,3/7/2020,FALSE
India,3/8/2020,FALSE
India,3/9/2020,FALSE
India,3/10/2020,FALSE
India,3/11/2020,FALSE
India,3/12/2020,FALSE
India,3/13/2020,FALSE
India,3/14/2020,FALSE
India,3/15/2020,FALSE
India,3/16/2020,FALSE
India,3/17/2020,FALSE
India,3/18/2020,FALSE
India,3/19/2020,FALSE
India,3/20/2020,FALSE
India,3/21/2020,FALSE
India,3/22/2020,FALSE
India,3/23/2020,FALSE
India,3/24/2020,TRUE
India,3/25/2020,TRUE
India,3/26/2020,TRUE
India,3/27/2020,TRUE
India,3/28/2020,TRUE
India,3/29/2020,TRUE
India,3/30/2020,TRUE
India,3/31/2020,TRUE
India,4/1/2020,TRUE
India,4/2/2020,TRUE
India,4/3/2020,TRUE
India,4/4/2020,TRUE
India,4/5/2020,TRUE
India,4/6/2020,TRUE
India,4/7/2020,TRUE
India,4/8/2020,TRUE
India,4/9/2020,TRUE
India,4/10/2020,TRUE
India,4/11/2020,TRUE
India,4/12/2020,TRUE
India,4/13/2020,TRUE
India,4/14/2020,TRUE
India,4/15/2020,TRUE
India,4/16/2020,TRUE
India,4/17/2020,TRUE
India,4/18/2020,TRUE
India,4/19/2020,TRUE
India,4/20/2020,TRUE
India,4/21/2020,TRUE
India,4/22/2020,TRUE
India,4/23/2020,TRUE
India,4/24/2020,TRUE
India,4/25/2020,TRUE
India,4/26/2020,TRUE
India,4/27/2020,TRUE
India,4/28/2020,TRUE
India,4/29/2020,TRUE
India,4/30/2020,TRUE
India,5/1/2020,TRUE
India,5/2/2020,TRUE
India,5/3/2020,TRUE
India,5/4/2020,TRUE
India,5/5/2020,TRUE
India,5/6/2020,TRUE
India,5/7/2020,TRUE
India,5/8/2020,TRUE
India,5/9/2020,TRUE
India,5/10/2020,TRUE
India,5/11/2020,TRUE
India,5/12/2020,TRUE
India,5/13/2020,TRUE
India,5/14/2020,TRUE
India,5/15/2020,TRUE
India,5/16/2020,TRUE
India,5/17/2020,TRUE
India,5/18/2020,TRUE
India,5/19/2020,TRUE
India,5/20/2020,TRUE
India,5/21/2020,TRUE
India,5/22/2020,TRUE
India,5/23/2020,TRUE
India,5/24/2020,TRUE
India,5/25/2020,TRUE
India,5/26/2020,TRUE
India,5/27/2020,TRUE
India,5/28/2020,TRUE
India,5/29/2020,TRUE
India,5/30/2020,TRUE
India,5/31/2020,TRUE
India,6/1/2020,FALSE
India,6/2/2020,FALSE
India,6/3/2020,FALSE
India,6/4/2020,FALSE
India,6/5/2020,FALSE
India,6/6/2020,FALSE
India,6/7/2020,FALSE
India,6/8/2020,FALSE
India,6/9/2020,FALSE
India,6/10/2020,FALSE
India,6/11/2020,FALSE
India,6/12/2020,FALSE
India,6/13/2020,FALSE
India,6/14/2020,FALSE
India,6/15/2020,FALSE
India,6/16/2020,FALSE
India,6/17/2020,FALSE
India,6/18/2020,FALSE
India,6/19/2020,FALSE
India,6/20/2020,FALSE
India,6/21/2020,FALSE
India,6/22/2020,FALSE
India,6/23/2020,FALSE
India,6/24/2020,FALSE
India,6/25/2020,FALSE
India,6/26/2020,FALSE
India,6/27/2020,FALSE
India,6/28/2020,FALSE
India,6/29/2020,FALSE
India,6/30/2020,FALSE
India,7/1/2020,FALSE
India,7/2/2020,FALSE
India,7/3/2020,FALSE
India,7/4/2020,FALSE
India,7/5/2020,FALSE
India,7/6/2020,FALSE
India,7/7/2020,FALSE
India,7/8/2020,FALSE
India,7/9/2020,FALSE
India,7/10/2020,FALSE
India,7/11/2020,FALSE
India,7/12/2020,FALSE
India,7/13/2020,FALSE
India,7/14/2020,FALSE
India,7/15/2020,FALSE
India,7/16/2020,FALSE
India,7/17/2020,FALSE
India,7/18/2020,FALSE
India,7/19/2020,FALSE
India,7/20/2020,FALSE
India,7/21/2020,FALSE
India,7/22/2020,FALSE
India,7/23/2020,FALSE
India,7/24/2020,FALSE
India,7/25/2020,FALSE
India,7/26/2020,FALSE
India,7/27/2020,FALSE
India,7/28/2020,FALSE
India,7/29/2020,FALSE
India,7/30/2020,FALSE
India,7/31/2020,FALSE
India,8/1/2020,FALSE
India,8/2/2020,FALSE
India,8/3/2020,FALSE
India,8/4/2020,FALSE
India,8/5/2020,FALSE
India,8/6/2020,FALSE
India,8/7/2020,FALSE
India,8/8/2020,FALSE
India,8/9/2020,FALSE
India,8/10/2020,FALSE
India,8/11/2020,FALSE
India,8/12/2020,FALSE
India,8/13/2020,FALSE
India,8/14/2020,FALSE
India,8/15/2020,FALSE
India,8/16/2020,FALSE
India,8/17/2020,FALSE
India,8/18/2020,FALSE
India,8/19/2020,FALSE
India,8/20/2020,FALSE
India,8/21/2020,FALSE
India,8/22/2020,FALSE
India,8/23/2020,FALSE
India,8/24/2020,FALSE
India,8/25/2020,FALSE
India,8/26/2020,FALSE
India,8/27/2020,FALSE
India,8/28/2020,FALSE
India,8/29/2020,FALSE
India,8/30/2020,FALSE
India,8/31/2020,FALSE
India,9/1/2020,FALSE
India,9/2/2020,FALSE
India,9/3/2020,FALSE
India,9/4/2020,FALSE
India,9/5/2020,FALSE
India,9/6/2020,FALSE
India,9/7/2020,FALSE
India,9/8/2020,FALSE
India,9/9/2020,FALSE
India,9/10/2020,FALSE
India,9/11/2020,FALSE
India,9/12/2020,FALSE
India,9/13/2020,FALSE
India,9/14/2020,FALSE
India,9/15/2020,FALSE
India,9/16/2020,FALSE
India,9/17/2020,FALSE
India,9/18/2020,FALSE
India,9/19/2020,FALSE
India,9/20/2020,FALSE
India,9/21/2020,FALSE
India,9/22/2020,FALSE
India,9/23/2020,FALSE
India,9/24/2020,FALSE
India,9/25/2020,FALSE
India,9/26/2020,FALSE
India,9/27/2020,FALSE
India,9/28/2020,FALSE
India,9/29/2020,FALSE
India,9/30/2020,FALSE
India,10/1/2020,FALSE
India,10/2/2020,FALSE
India,10/3/2020,FALSE
India,10/4/2020,FALSE
India,10/5/2020,FALSE
India,10/6/2020,FALSE
India,10/7/2020,FALSE
India,10/8/2020,FALSE
India,10/9/2020,FALSE
India,10/10/2020,FALSE
India,10/11/2020,FALSE
India,10/12/2020,FALSE
India,10/13/2020,FALSE
India,10/14/2020,FALSE
India,10/15/2020,FALSE
India,10/16/2020,FALSE
India,10/17/2020,FALSE
India,10/18/2020,FALSE
India,10/19/2020,FALSE
India,10/20/2020,FALSE
India,10/21/2020,FALSE
India,10/22/2020,FALSE
India,10/23/2020,FALSE
India,10/24/2020,FALSE
India,10/25/2020,FALSE
India,10/26/2020,FALSE
India,10/27/2020,FALSE
India,10/28/2020,FALSE
India,10/29/2020,FALSE
India,10/30/2020,FALSE
India,10/31/2020,FALSE
India,11/1/2020,FALSE
India,11/2/2020,FALSE
India,11/3/2020,FALSE
India,11/4/2020,FALSE
India,11/5/2020,FALSE
India,11/6/2020,FALSE
India,11/7/2020,FALSE
India,11/8/2020,FALSE
India,11/9/2020,FALSE
India,11/10/2020,FALSE
India,11/11/2020,FALSE
India,11/12/2020,FALSE
India,11/13/2020,FALSE
India,11/14/2020,FALSE
India,11/15/2020,FALSE
India,11/16/2020,FALSE
India,11/17/2020,FALSE
India,11/18/2020,FALSE
India,11/19/2020,FALSE
India,11/20/2020,FALSE
India,11/21/2020,FALSE
India,11/22/2020,FALSE
India,11/23/2020,FALSE
India,11/24/2020,FALSE
India,11/25/2020,FALSE
India,11/26/2020,FALSE
India,11/27/2020,FALSE
India,11/28/2020,FALSE
India,11/29/2020,FALSE
India,11/30/2020,FALSE
India,12/1/2020,FALSE
India,12/2/2020,FALSE
India,12/3/2020,FALSE
India,12/4/2020,FALSE
India,12/5/2020,FALSE
India,12/6/2020,FALSE
India,12/7/2020,FALSE
India,12/8/2020,FALSE
India,12/9/2020,FALSE
India,12/10/2020,FALSE
India,12/11/2020,FALSE
India,12/12/2020,FALSE
India,12/13/2020,FALSE
India,12/14/2020,FALSE
India,12/15/2020,FALSE
India,12/16/2020,FALSE
India,12/17/2020,FALSE
India,12/18/2020,FALSE
India,12/19/2020,FALSE
India,12/20/2020,FALSE
India,12/21/2020,FALSE
India,12/22/2020,FALSE
India,12/23/2020,FALSE
India,12/24/2020,FALSE
India,12/25/2020,FALSE
India,12/26/2020,FALSE
India,12/27/2020,FALSE
India,12/28/2020,FALSE
India,12/29/2020,FALSE
India,12/30/2020,FALSE
India,12/31/2020,FALSE
India,1/1/2021,FALSE
India,1/2/2021,FALSE
India,1/3/2021,FALSE
India,1/4/2021,FALSE
India,1/5/2021,FALSE
India,1/6/2021,FALSE
India,1/7/2021,FALSE
India,1/8/2021,FALSE
India,1/9/2021,FALSE
India,1/10/2021,FALSE
India,1/11/2021,FALSE
India,1/12/2021,FALSE
India,1/13/2021,FALSE
India,1/14/2021,FALSE
India,1/15/2021,FALSE
India,1/16/2021,FALSE
India,1/17/2021,FALSE
India,1/18/2021,FALSE
India,1/19/2021,FALSE
India,1/20/2021,FALSE
India,1/21/2021,FALSE
India,1/22/2021,FALSE
India,1/23/2021,FALSE
India,1/24/2021,FALSE
India,1/25/2021,FALSE
India,1/26/2021,FALSE
India,1/27/2021,FALSE
India,1/28/2021,FALSE
India,1/29/2021,FALSE
India,1/30/2021,FALSE
India,1/31/2021,FALSE
India,2/1/2021,FALSE
India,2/2/2021,FALSE
India,2/3/2021,FALSE
India,2/4/2021,FALSE
India,2/5/2021,FALSE
India,2/6/2021,FALSE
India,2/7/2021,FALSE
India,2/8/2021,FALSE
India,2/9/2021,FALSE
India,2/10/2021,FALSE
India,2/11/2021,FALSE
India,2/12/2021,FALSE
India,2/13/2021,FALSE
India,2/14/2021,FALSE
India,2/15/2021,FALSE
India,2/16/2021,FALSE
India,2/17/2021,FALSE
India,2/18/2021,FALSE
India,2/19/2021,FALSE
India,2/20/2021,FALSE
India,2/21/2021,FALSE
India,2/22/2021,FALSE
India,2/23/2021,FALSE
India,2/24/2021,FALSE
India,2/25/2021,FALSE
India,2/26/2021,FALSE
India,2/27/2021,FALSE
India,2/28/2021,FALSE
India,3/1/2021,FALSE
India,3/2/2021,FALSE
India,3/3/2021,FALSE
India,3/4/2021,FALSE
India,3/5/2021,FALSE
India,3/6/2021,FALSE
India,3/7/2021,FALSE
India,3/8/2021,FALSE
India,3/9/2021,FALSE
India,3/10/2021,FALSE
India,3/11/2021,FALSE
India,3/12/2021,FALSE
India,3/13/2021,FALSE
India,3/14/2021,FALSE
India,3/15/2021,FALSE
India,3/16/2021,FALSE
India,3/17/2021,FALSE
India,3/18/2021,FALSE
India,3/19/2021,FALSE
India,3/20/2021,FALSE
India,3/21/2021,FALSE
India,3/22/2021,FALSE
India,3/23/2021,FALSE
India,3/24/2021,FALSE
India,3/25/2021,FALSE
India,3/26/2021,FALSE
India,3/27/2021,FALSE
India,3/28/2021,FALSE
India,3/29/2021,FALSE
India,3/30/2021,FALSE
India,3/31/2021,FALSE
India,4/1/2021,FALSE
India,4/2/2021,FALSE
India,4/3/2021,FALSE
India,4/4/2021,FALSE
India,4/5/2021,FALSE
India,4/6/2021,FALSE
India,4/7/2021,FALSE
India,4/8/2021,FALSE
India,4/9/2021,FALSE
India,4/10/2021,FALSE
India,4/11/2021,FALSE
India,4/12/2021,FALSE
India,4/13/2021,FALSE
India,4/14/2021,FALSE
India,4/15/2021,TRUE
India,4/16/2021,TRUE
India,4/17/2021,TRUE
India,4/18/2021,TRUE
India,4/19/2021,TRUE
India,4/20/2021,TRUE
India,4/21/2021,TRUE
India,4/22/2021,TRUE
India,4/23/2021,TRUE
India,4/24/2021,TRUE
India,4/25/2021,TRUE
India,4/26/2021,TRUE
India,4/27/2021,TRUE
India,4/28/2021,TRUE
India,4/29/2021,TRUE
India,4/30/2021,TRUE
India,5/1/2021,TRUE
India,5/2/2021,TRUE
India,5/3/2021,TRUE
India,5/4/2021,TRUE
India,5/5/2021,TRUE
India,5/6/2021,TRUE
India,5/7/2021,TRUE
India,5/8/2021,TRUE
India,5/9/2021,TRUE
India,5/10/2021,TRUE
India,5/11/2021,TRUE
India,5/12/2021,TRUE
India,5/13/2021,TRUE
India,5/14/2021,TRUE
India,5/15/2021,TRUE
India,5/16/2021,FALSE
India,5/17/2021,FALSE
India,5/18/2021,FALSE
India,5/19/2021,FALSE
India,5/20/2021,FALSE
India,5/21/2021,FALSE
India,5/22/2021,FALSE
India,5/23/2021,FALSE
India,5/24/2021,FALSE
India,5/25/2021,FALSE
India,5/26/2021,FALSE
India,5/27/2021,FALSE
India,5/28/2021,FALSE
India,5/29/2021,FALSE
India,5/30/2021,FALSE
India,5/31/2021,FALSE
India,6/1/2021,FALSE
India,6/2/2021,FALSE
India,6/3/2021,FALSE
India,6/4/2021,FALSE
India,6/5/2021,FALSE
India,6/6/2021,FALSE
India,6/7/2021,FALSE
India,6/8/2021,FALSE
India,6/9/2021,FALSE
India,6/10/2021,FALSE
India,6/11/2021,FALSE
India,6/12/2021,FALSE
India,6/13/2021,FALSE
India,6/14/2021,FALSE
India,6/15/2021,FALSE
India,6/16/2021,FALSE
India,6/17/2021,FALSE
India,6/18/2021,FALSE
India,6/19/2021,FALSE
India,6/20/2021,FALSE
India,6/21/2021,FALSE
India,6/22/2021,FALSE
India,6/23/2021,FALSE
India,6/24/2021,FALSE
India,6/25/2021,FALSE
India,6/26/2021,FALSE
India,6/27/2021,FALSE
India,6/28/2021,FALSE
India,6/29/2021,FALSE
India,6/30/2021,FALSE
India,7/1/2021,FALSE
India,7/2/2021,FALSE
India,7/3/2021,FALSE
India,7/4/2021,FALSE
India,7/5/2021,FALSE
India,7/6/2021,FALSE
India,7/7/2021,FALSE
India,7/8/2021,FALSE
India,7/9/2021,FALSE
India,7/10/2021,FALSE
India,7/11/2021,FALSE
India,7/12/2021,FALSE
India,7/13/2021,FALSE
India,7/14/2021,FALSE
India,7/15/2021,FALSE
India,7/16/2021,FALSE
India,7/17/2021,FALSE
India,7/18/2021,FALSE
India,7/19/2021,FALSE
India,7/20/2021,FALSE
India,7/21/2021,FALSE
India,7/22/2021,FALSE
India,7/23/2021,FALSE
India,7/24/2021,FALSE
India,7/25/2021,FALSE
India,7/26/2021,FALSE
India,7/27/2021,FALSE
India,7/28/2021,FALSE
India,7/29/2021,FALSE
India,7/30/2021,FALSE
India,7/31/2021,FALSE
India,8/1/2021,FALSE
India,8/2/2021,FALSE
India,8/3/2021,FALSE
India,8/4/2021,FALSE
India,8/5/2021,FALSE
India,8/6/2021,FALSE
India,8/7/2021,FALSE
India,8/8/2021,FALSE
India,8/9/2021,FALSE
India,8/10/2021,FALSE
India,8/11/2021,FALSE
India,8/12/2021,FALSE
India,8/13/2021,FALSE
India,8/14/2021,FALSE
India,8/15/2021,FALSE
India,8/16/2021,FALSE
India,8/17/2021,FALSE
India,8/18/2021,FALSE
India,8/19/2021,FALSE
India,8/20/2021,FALSE
India,8/21/2021,FALSE
India,8/22/2021,FALSE
India,8/23/2021,FALSE
India,8/24/2021,FALSE
India,8/25/2021,FALSE
India,8/26/2021,FALSE
India,8/27/2021,FALSE
India,8/28/2021,FALSE
India,8/29/2021,FALSE
India,8/30/2021,FALSE
India,8/31/2021,FALSE
India,9/1/2021,FALSE
India,9/2/2021,FALSE
India,9/3/2021,FALSE
India,9/4/2021,FALSE
India,9/5/2021,FALSE
India,9/6/2021,FALSE
India,9/7/2021,FALSE
India,9/8/2021,FALSE
India,9/9/2021,FALSE
India,9/10/2021,FALSE
India,9/11/2021,FALSE
India,9/12/2021,FALSE
India,9/13/2021,FALSE
India,9/14/2021,FALSE
India,9/15/2021,FALSE
India,9/16/2021,FALSE
India,9/17/2021,FALSE
India,9/18/2021,FALSE
India,9/19/2021,FALSE
India,9/20/2021,FALSE
India,9/21/2021,FALSE
India,9/22/2021,FALSE
India,9/23/2021,FALSE
India,9/24/2021,FALSE
India,9/25/2021,FALSE
India,9/26/2021,FALSE
India,9/27/2021,FALSE
India,9/28/2021,FALSE
India,9/29/2021,FALSE
India,9/30/2021,FALSE
India,10/1/2021,FALSE
India,10/2/2021,FALSE
India,10/3/2021,FALSE
India,10/4/2021,FALSE
India,10/5/2021,FALSE
India,10/6/2021,FALSE
India,10/7/2021,FALSE
India,10/8/2021,FALSE
India,10/9/2021,FALSE
India,10/10/2021,FALSE
India,10/11/2021,FALSE
India,10/12/2021,FALSE
India,10/13/2021,FALSE
India,10/14/2021,FALSE
India,10/15/2021,FALSE
India,10/16/2021,FALSE
India,10/17/2021,FALSE
India,10/18/2021,FALSE
India,10/19/2021,FALSE
India,10/20/2021,FALSE
India,10/21/2021,FALSE
India,10/22/2021,FALSE
India,10/23/2021,FALSE
India,10/24/2021,FALSE
India,10/25/2021,FALSE
India,10/26/2021,FALSE
India,10/27/2021,FALSE
India,10/28/2021,FALSE
India,10/29/2021,FALSE
India,10/30/2021,FALSE
India,10/31/2021,FALSE
India,11/1/2021,FALSE
India,11/2/2021,FALSE
India,11/3/2021,FALSE
India,11/4/2021,FALSE
India,11/5/2021,FALSE
India,11/6/2021,FALSE
India,11/7/2021,FALSE
India,11/8/2021,FALSE
India,11/9/2021,FALSE
India,11/10/2021,FALSE
India,11/11/2021,FALSE
India,11/12/2021,FALSE
India,11/13/2021,FALSE
India,11/14/2021,FALSE
India,11/15/2021,FALSE
India,11/16/2021,FALSE
India,11/17/2021,FALSE
India,11/18/2021,FALSE
India,11/19/2021,FALSE
India,11/20/2021,FALSE
India,11/21/2021,FALSE
India,11/22/2021,FALSE
India,11/23/2021,FALSE
India,11/24/2021,FALSE
India,11/25/2021,FALSE
India,11/26/2021,FALSE
India,11/27/2021,FALSE
India,11/28/2021,FALSE
India,11/29/2021,FALSE
India,11/30/2021,FALSE
India,12/1/2021,FALSE
India,12/2/2021,FALSE
India,12/3/2021,FALSE
India,12/4/2021,FALSE
India,12/5/2021,FALSE
India,12/6/2021,FALSE
India,12/7/2021,FALSE
India,12/8/2021,FALSE
India,12/9/2021,FALSE
India,12/10/2021,FALSE
India,12/11/2021,FALSE
India,12/12/2021,FALSE
India,12/13/2021,FALSE
India,12/14/2021,FALSE
India,12/15/2021,FALSE
India,12/16/2021,FALSE
India,12/17/2021,FALSE
India,12/18/2021,FALSE
India,12/19/2021,FALSE
India,12/20/2021,FALSE
India,12/21/2021,FALSE
India,12/22/2021,FALSE
India,12/23/2021,FALSE
India,12/24/2021,FALSE
India,12/25/2021,FALSE
India,12/26/2021,FALSE
India,12/27/2021,FALSE
India,12/28/2021,FALSE
India,12/29/2021,FALSE
India,12/30/2021,FALSE
India,12/31/2021,FALSE
India,1/1/2022,FALSE
India,1/2/2022,FALSE
India,1/3/2022,FALSE
India,1/4/2022,FALSE
India,1/5/2022,FALSE
India,1/6/2022,FALSE
India,1/7/2022,FALSE
India,1/8/2022,FALSE
India,1/9/2022,FALSE
India,1/10/2022,FALSE
India,1/11/2022,FALSE
India,1/12/2022,FALSE
India,1/13/2022,FALSE
India,1/14/2022,FALSE
India,1/15/2022,FALSE
India,1/16/2022,FALSE
India,1/17/2022,FALSE
India,1/18/2022,FALSE
India,1/19/2022,FALSE
India,1/20/2022,FALSE
India,1/21/2022,FALSE
India,1/22/2022,FALSE
India,1/23/2022,FALSE
India,1/24/2022,FALSE
India,1/25/2022,FALSE
India,1/26/2022,FALSE
India,1/27/2022,FALSE
India,1/28/2022,FALSE
India,1/29/2022,FALSE
India,1/30/2022,FALSE
India,1/31/2022,FALSE
India,2/1/2022,FALSE
India,2/2/2022,FALSE
United Kingdom,1/31/2020,FALSE
United Kingdom,2/1/2020,FALSE
United Kingdom,2/2/2020,FALSE
United Kingdom,2/3/2020,FALSE
United Kingdom,2/4/2020,FALSE
United Kingdom,2/5/2020,FALSE
United Kingdom,2/6/2020,FALSE
United Kingdom,2/7/2020,FALSE
United Kingdom,2/8/2020,FALSE
United Kingdom,2/9/2020,FALSE
United Kingdom,2/10/2020,FALSE
United Kingdom,2/11/2020,FALSE
United Kingdom,2/12/2020,FALSE
United Kingdom,2/13/2020,FALSE
United Kingdom,2/14/2020,FALSE
United Kingdom,2/15/2020,FALSE
United Kingdom,2/16/2020,FALSE
United Kingdom,2/17/2020,FALSE
United Kingdom,2/18/2020,FALSE
United Kingdom,2/19/2020,FALSE
United Kingdom,2/20/2020,FALSE
United Kingdom,2/21/2020,FALSE
United Kingdom,2/22/2020,FALSE
United Kingdom,2/23/2020,FALSE
United Kingdom,2/24/2020,FALSE
United Kingdom,2/25/2020,FALSE
United Kingdom,2/26/2020,FALSE
United Kingdom,2/27/2020,FALSE
United Kingdom,2/28/2020,FALSE
United Kingdom,2/29/2020,FALSE
United Kingdom,3/1/2020,FALSE
United Kingdom,3/2/2020,FALSE
United Kingdom,3/3/2020,FALSE
United Kingdom,3/4/2020,FALSE
United Kingdom,3/5/2020,FALSE
United Kingdom,3/6/2020,FALSE
United Kingdom,3/7/2020,FALSE
United Kingdom,3/8/2020,FALSE
United Kingdom,3/9/2020,FALSE
United Kingdom,3/10/2020,FALSE
United Kingdom,3/11/2020,FALSE
United Kingdom,3/12/2020,FALSE
United Kingdom,3/13/2020,FALSE
United Kingdom,3/14/2020,FALSE
United Kingdom,3/15/2020,FALSE
United Kingdom,3/16/2020,FALSE
United Kingdom,3/17/2020,FALSE
United Kingdom,3/18/2020,FALSE
United Kingdom,3/19/2020,FALSE
United Kingdom,3/20/2020,FALSE
United Kingdom,3/21/2020,FALSE
United Kingdom,3/22/2020,FALSE
United Kingdom,3/23/2020,TRUE
United Kingdom,3/24/2020,TRUE
United Kingdom,3/25/2020,TRUE
United Kingdom,3/26/2020,TRUE
United Kingdom,3/27/2020,TRUE
United Kingdom,3/28/2020,TRUE
United Kingdom,3/29/2020,TRUE
United Kingdom,3/30/2020,TRUE
United Kingdom,3/31/2020,TRUE
United Kingdom,4/1/2020,TRUE
United Kingdom,4/2/2020,TRUE
United Kingdom,4/3/2020,TRUE
United Kingdom,4/4/2020,TRUE
United Kingdom,4/5/2020,TRUE
United Kingdom,4/6/2020,TRUE
United Kingdom,4/7/2020,TRUE
United Kingdom,4/8/2020,TRUE
United Kingdom,4/9/2020,TRUE
United Kingdom,4/10/2020,TRUE
United Kingdom,4/11/2020,TRUE
United Kingdom,4/12/2020,TRUE
United Kingdom,4/13/2020,TRUE
United Kingdom,4/14/2020,TRUE
United Kingdom,4/15/2020,TRUE
United Kingdom,4/16/2020,TRUE
United Kingdom,4/17/2020,TRUE
United Kingdom,4/18/2020,TRUE
United Kingdom,4/19/2020,TRUE
United Kingdom,4/20/2020,TRUE
United Kingdom,4/21/2020,TRUE
United Kingdom,4/22/2020,TRUE
United Kingdom,4/23/2020,TRUE
United Kingdom,4/24/2020,TRUE
United Kingdom,4/25/2020,TRUE
United Kingdom,4/26/2020,TRUE
United Kingdom,4/27/2020,TRUE
United Kingdom,4/28/2020,TRUE
United Kingdom,4/29/2020,TRUE
United Kingdom,4/30/2020,TRUE
United Kingdom,5/1/2020,TRUE
United Kingdom,5/2/2020,TRUE
United Kingdom,5/3/2020,TRUE
United Kingdom,5/4/2020,TRUE
United Kingdom,5/5/2020,TRUE
United Kingdom,5/6/2020,TRUE
United Kingdom,5/7/2020,TRUE
United Kingdom,5/8/2020,TRUE
United Kingdom,5/9/2020,TRUE
United Kingdom,5/10/2020,TRUE
United Kingdom,5/11/2020,TRUE
United Kingdom,5/12/2020,TRUE
United Kingdom,5/13/2020,TRUE
United Kingdom,5/14/2020,TRUE
United Kingdom,5/15/2020,TRUE
United Kingdom,5/16/2020,TRUE
United Kingdom,5/17/2020,TRUE
United Kingdom,5/18/2020,TRUE
United Kingdom,5/19/2020,TRUE
United Kingdom,5/20/2020,TRUE
United Kingdom,5/21/2020,TRUE
United Kingdom,5/22/2020,TRUE
United Kingdom,5/23/2020,TRUE
United Kingdom,5/24/2020,TRUE
United Kingdom,5/25/2020,TRUE
United Kingdom,5/26/2020,TRUE
United Kingdom,5/27/2020,TRUE
United Kingdom,5/28/2020,TRUE
United Kingdom,5/29/2020,TRUE
United Kingdom,5/30/2020,TRUE
United Kingdom,5/31/2020,TRUE
United Kingdom,6/1/2020,TRUE
United Kingdom,6/2/2020,TRUE
United Kingdom,6/3/2020,TRUE
United Kingdom,6/4/2020,TRUE
United Kingdom,6/5/2020,TRUE
United Kingdom,6/6/2020,TRUE
United Kingdom,6/7/2020,TRUE
United Kingdom,6/8/2020,TRUE
United Kingdom,6/9/2020,TRUE
United Kingdom,6/10/2020,TRUE
United Kingdom,6/11/2020,TRUE
United Kingdom,6/12/2020,TRUE
United Kingdom,6/13/2020,TRUE
United Kingdom,6/14/2020,TRUE
United Kingdom,6/15/2020,TRUE
United Kingdom,6/16/2020,TRUE
United Kingdom,6/17/2020,TRUE
United Kingdom,6/18/2020,TRUE
United Kingdom,6/19/2020,TRUE
United Kingdom,6/20/2020,TRUE
United Kingdom,6/21/2020,TRUE
United Kingdom,6/22/2020,TRUE
United Kingdom,6/23/2020,TRUE
United Kingdom,6/24/2020,TRUE
United Kingdom,6/25/2020,TRUE
United Kingdom,6/26/2020,TRUE
United Kingdom,6/27/2020,TRUE
United Kingdom,6/28/2020,TRUE
United Kingdom,6/29/2020,TRUE
United Kingdom,6/30/2020,TRUE
United Kingdom,7/1/2020,TRUE
United Kingdom,7/2/2020,FALSE
United Kingdom,7/3/2020,FALSE
United Kingdom,7/4/2020,FALSE
United Kingdom,7/5/2020,FALSE
United Kingdom,7/6/2020,FALSE
United Kingdom,7/7/2020,FALSE
United Kingdom,7/8/2020,FALSE
United Kingdom,7/9/2020,FALSE
United Kingdom,7/10/2020,FALSE
United Kingdom,7/11/2020,FALSE
United Kingdom,7/12/2020,FALSE
United Kingdom,7/13/2020,FALSE
United Kingdom,7/14/2020,FALSE
United Kingdom,7/15/2020,FALSE
United Kingdom,7/16/2020,FALSE
United Kingdom,7/17/2020,FALSE
United Kingdom,7/18/2020,FALSE
United Kingdom,7/19/2020,FALSE
United Kingdom,7/20/2020,FALSE
United Kingdom,7/21/2020,FALSE
United Kingdom,7/22/2020,FALSE
United Kingdom,7/23/2020,FALSE
United Kingdom,7/24/2020,FALSE
United Kingdom,7/25/2020,FALSE
United Kingdom,7/26/2020,FALSE
United Kingdom,7/27/2020,FALSE
United Kingdom,7/28/2020,FALSE
United Kingdom,7/29/2020,FALSE
United Kingdom,7/30/2020,FALSE
United Kingdom,7/31/2020,FALSE
United Kingdom,8/1/2020,FALSE
United Kingdom,8/2/2020,FALSE
United Kingdom,8/3/2020,FALSE
United Kingdom,8/4/2020,FALSE
United Kingdom,8/5/2020,FALSE
United Kingdom,8/6/2020,FALSE
United Kingdom,8/7/2020,FALSE
United Kingdom,8/8/2020,FALSE
United Kingdom,8/9/2020,FALSE
United Kingdom,8/10/2020,FALSE
United Kingdom,8/11/2020,FALSE
United Kingdom,8/12/2020,FALSE
United Kingdom,8/13/2020,FALSE
United Kingdom,8/14/2020,FALSE
United Kingdom,8/15/2020,FALSE
United Kingdom,8/16/2020,FALSE
United Kingdom,8/17/2020,FALSE
United Kingdom,8/18/2020,FALSE
United Kingdom,8/19/2020,FALSE
United Kingdom,8/20/2020,FALSE
United Kingdom,8/21/2020,FALSE
United Kingdom,8/22/2020,FALSE
United Kingdom,8/23/2020,FALSE
United Kingdom,8/24/2020,FALSE
United Kingdom,8/25/2020,FALSE
United Kingdom,8/26/2020,FALSE
United Kingdom,8/27/2020,FALSE
United Kingdom,8/28/2020,FALSE
United Kingdom,8/29/2020,FALSE
United Kingdom,8/30/2020,FALSE
United Kingdom,8/31/2020,FALSE
United Kingdom,9/1/2020,FALSE
United Kingdom,9/2/2020,FALSE
United Kingdom,9/3/2020,FALSE
United Kingdom,9/4/2020,FALSE
United Kingdom,9/5/2020,FALSE
United Kingdom,9/6/2020,FALSE
United Kingdom,9/7/2020,FALSE
United Kingdom,9/8/2020,FALSE
United Kingdom,9/9/2020,FALSE
United Kingdom,9/10/2020,FALSE
United Kingdom,9/11/2020,FALSE
United Kingdom,9/12/2020,FALSE
United Kingdom,9/13/2020,FALSE
United Kingdom,9/14/2020,FALSE
United Kingdom,9/15/2020,FALSE
United Kingdom,9/16/2020,FALSE
United Kingdom,9/17/2020,FALSE
United Kingdom,9/18/2020,FALSE
United Kingdom,9/19/2020,FALSE
United Kingdom,9/20/2020,FALSE
United Kingdom,9/21/2020,FALSE
United Kingdom,9/22/2020,FALSE
United Kingdom,9/23/2020,FALSE
United Kingdom,9/24/2020,FALSE
United Kingdom,9/25/2020,FALSE
United Kingdom,9/26/2020,FALSE
United Kingdom,9/27/2020,FALSE
United Kingdom,9/28/2020,FALSE
United Kingdom,9/29/2020,FALSE
United Kingdom,9/30/2020,FALSE
United Kingdom,10/1/2020,FALSE
United Kingdom,10/2/2020,FALSE
United Kingdom,10/3/2020,FALSE
United Kingdom,10/4/2020,FALSE
United Kingdom,10/5/2020,FALSE
United Kingdom,10/6/2020,FALSE
United Kingdom,10/7/2020,FALSE
United Kingdom,10/8/2020,FALSE
United Kingdom,10/9/2020,FALSE
United Kingdom,10/10/2020,FALSE
United Kingdom,10/11/2020,FALSE
United Kingdom,10/12/2020,FALSE
United Kingdom,10/13/2020,FALSE
United Kingdom,10/14/2020,FALSE
United Kingdom,10/15/2020,FALSE
United Kingdom,10/16/2020,FALSE
United Kingdom,10/17/2020,FALSE
United Kingdom,10/18/2020,FALSE
United Kingdom,10/19/2020,FALSE
United Kingdom,10/20/2020,FALSE
United Kingdom,10/21/2020,FALSE
United Kingdom,10/22/2020,FALSE
United Kingdom,10/23/2020,FALSE
United Kingdom,10/24/2020,FALSE
United Kingdom,10/25/2020,FALSE
United Kingdom,10/26/2020,FALSE
United Kingdom,10/27/2020,FALSE
United Kingdom,10/28/2020,FALSE
United Kingdom,10/29/2020,FALSE
United Kingdom,10/30/2020,FALSE
United Kingdom,10/31/2020,FALSE
United Kingdom,11/1/2020,FALSE
United Kingdom,11/2/2020,FALSE
United Kingdom,11/3/2020,TRUE
United Kingdom,11/4/2020,TRUE
United Kingdom,11/5/2020,TRUE
United Kingdom,11/6/2020,TRUE
United Kingdom,11/7/2020,TRUE
United Kingdom,11/8/2020,TRUE
United Kingdom,11/9/2020,TRUE
United Kingdom,11/10/2020,TRUE
United Kingdom,11/11/2020,TRUE
United Kingdom,11/12/2020,TRUE
United Kingdom,11/13/2020,TRUE
United Kingdom,11/14/2020,TRUE
United Kingdom,11/15/2020,TRUE
United Kingdom,11/16/2020,TRUE
United Kingdom,11/17/2020,TRUE
United Kingdom,11/18/2020,TRUE
United Kingdom,11/19/2020,TRUE
United Kingdom,11/20/2020,TRUE
United Kingdom,11/21/2020,TRUE
United Kingdom,11/22/2020,TRUE
United Kingdom,11/23/2020,TRUE
United Kingdom,11/24/2020,TRUE
United Kingdom,11/25/2020,TRUE
United Kingdom,11/26/2020,TRUE
United Kingdom,11/27/2020,TRUE
United Kingdom,11/28/2020,TRUE
United Kingdom,11/29/2020,TRUE
United Kingdom,11/30/2020,TRUE
United Kingdom,12/1/2020,TRUE
United Kingdom,12/2/2020,TRUE
United Kingdom,12/3/2020,FALSE
United Kingdom,12/4/2020,FALSE
United Kingdom,12/5/2020,FALSE
United Kingdom,12/6/2020,FALSE
United Kingdom,12/7/2020,FALSE
United Kingdom,12/8/2020,FALSE
United Kingdom,12/9/2020,FALSE
United Kingdom,12/10/2020,FALSE
United Kingdom,12/11/2020,FALSE
United Kingdom,12/12/2020,FALSE
United Kingdom,12/13/2020,FALSE
United Kingdom,12/14/2020,FALSE
United Kingdom,12/15/2020,FALSE
United Kingdom,12/16/2020,FALSE
United Kingdom,12/17/2020,FALSE
United Kingdom,12/18/2020,FALSE
United Kingdom,12/19/2020,FALSE
United Kingdom,12/20/2020,FALSE
United Kingdom,12/21/2020,FALSE
United Kingdom,12/22/2020,FALSE
United Kingdom,12/23/2020,FALSE
United Kingdom,12/24/2020,FALSE
United Kingdom,12/25/2020,FALSE
United Kingdom,12/26/2020,FALSE
United Kingdom,12/27/2020,FALSE
United Kingdom,12/28/2020,FALSE
United Kingdom,12/29/2020,FALSE
United Kingdom,12/30/2020,FALSE
United Kingdom,12/31/2020,FALSE
United Kingdom,1/1/2021,FALSE
United Kingdom,1/2/2021,FALSE
United Kingdom,1/3/2021,FALSE
United Kingdom,1/4/2021,FALSE
United Kingdom,1/5/2021,TRUE
United Kingdom,1/6/2021,TRUE
United Kingdom,1/7/2021,TRUE
United Kingdom,1/8/2021,TRUE
United Kingdom,1/9/2021,TRUE
United Kingdom,1/10/2021,TRUE
United Kingdom,1/11/2021,TRUE
United Kingdom,1/12/2021,TRUE
United Kingdom,1/13/2021,TRUE
United Kingdom,1/14/2021,TRUE
United Kingdom,1/15/2021,TRUE
United Kingdom,1/16/2021,TRUE
United Kingdom,1/17/2021,TRUE
United Kingdom,1/18/2021,TRUE
United Kingdom,1/19/2021,TRUE
United Kingdom,1/20/2021,TRUE
United Kingdom,1/21/2021,TRUE
United Kingdom,1/22/2021,TRUE
United Kingdom,1/23/2021,TRUE
United Kingdom,1/24/2021,TRUE
United Kingdom,1/25/2021,TRUE
United Kingdom,1/26/2021,TRUE
United Kingdom,1/27/2021,TRUE
United Kingdom,1/28/2021,TRUE
United Kingdom,1/29/2021,TRUE
United Kingdom,1/30/2021,TRUE
United Kingdom,1/31/2021,TRUE
United Kingdom,2/1/2021,TRUE
United Kingdom,2/2/2021,TRUE
United Kingdom,2/3/2021,TRUE
United Kingdom,2/4/2021,TRUE
United Kingdom,2/5/2021,TRUE
United Kingdom,2/6/2021,TRUE
United Kingdom,2/7/2021,TRUE
United Kingdom,2/8/2021,TRUE
United Kingdom,2/9/2021,TRUE
United Kingdom,2/10/2021,TRUE
United Kingdom,2/11/2021,TRUE
United Kingdom,2/12/2021,TRUE
United Kingdom,2/13/2021,TRUE
United Kingdom,2/14/2021,TRUE
United Kingdom,2/15/2021,TRUE
United Kingdom,2/16/2021,TRUE
United Kingdom,2/17/2021,TRUE
United Kingdom,2/18/2021,TRUE
United Kingdom,2/19/2021,TRUE
United Kingdom,2/20/2021,TRUE
United Kingdom,2/21/2021,TRUE
United Kingdom,2/22/2021,TRUE
United Kingdom,2/23/2021,TRUE
United Kingdom,2/24/2021,TRUE
United Kingdom,2/25/2021,TRUE
United Kingdom,2/26/2021,TRUE
United Kingdom,2/27/2021,TRUE
United Kingdom,2/28/2021,TRUE
United Kingdom,3/1/2021,TRUE
United Kingdom,3/2/2021,TRUE
United Kingdom,3/3/2021,TRUE
United Kingdom,3/4/2021,TRUE
United Kingdom,3/5/2021,TRUE
United Kingdom,3/6/2021,TRUE
United Kingdom,3/7/2021,TRUE
United Kingdom,3/8/2021,TRUE
United Kingdom,3/9/2021,TRUE
United Kingdom,3/10/2021,TRUE
United Kingdom,3/11/2021,TRUE
United Kingdom,3/12/2021,TRUE
United Kingdom,3/13/2021,TRUE
United Kingdom,3/14/2021,TRUE
United Kingdom,3/15/2021,TRUE
United Kingdom,3/16/2021,TRUE
United Kingdom,3/17/2021,TRUE
United Kingdom,3/18/2021,TRUE
United Kingdom,3/19/2021,TRUE
United Kingdom,3/20/2021,TRUE
United Kingdom,3/21/2021,TRUE
United Kingdom,3/22/2021,TRUE
United Kingdom,3/23/2021,TRUE
United Kingdom,3/24/2021,TRUE
United Kingdom,3/25/2021,TRUE
United Kingdom,3/26/2021,TRUE
United Kingdom,3/27/2021,TRUE
United Kingdom,3/28/2021,TRUE
United Kingdom,3/29/2021,TRUE
United Kingdom,3/30/2021,TRUE
United Kingdom,3/31/2021,TRUE
United Kingdom,4/1/2021,TRUE
United Kingdom,4/2/2021,TRUE
United Kingdom,4/3/2021,TRUE
United Kingdom,4/4/2021,TRUE
United Kingdom,4/5/2021,TRUE
United Kingdom,4/6/2021,TRUE
United Kingdom,4/7/2021,TRUE
United Kingdom,4/8/2021,TRUE
United Kingdom,4/9/2021,TRUE
United Kingdom,4/10/2021,TRUE
United Kingdom,4/11/2021,TRUE
United Kingdom,4/12/2021,TRUE
United Kingdom,4/13/2021,TRUE
United Kingdom,4/14/2021,TRUE
United Kingdom,4/15/2021,TRUE
United Kingdom,4/16/2021,TRUE
United Kingdom,4/17/2021,TRUE
United Kingdom,4/18/2021,TRUE
United Kingdom,4/19/2021,TRUE
United Kingdom,4/20/2021,TRUE
United Kingdom,4/21/2021,TRUE
United Kingdom,4/22/2021,TRUE
United Kingdom,4/23/2021,TRUE
United Kingdom,4/24/2021,TRUE
United Kingdom,4/25/2021,TRUE
United Kingdom,4/26/2021,TRUE
United Kingdom,4/27/2021,TRUE
United Kingdom,4/28/2021,TRUE
United Kingdom,4/29/2021,TRUE
United Kingdom,4/30/2021,TRUE
United Kingdom,5/1/2021,TRUE
United Kingdom,5/2/2021,TRUE
United Kingdom,5/3/2021,TRUE
United Kingdom,5/4/2021,TRUE
United Kingdom,5/5/2021,TRUE
United Kingdom,5/6/2021,TRUE
United Kingdom,5/7/2021,TRUE
United Kingdom,5/8/2021,TRUE
United Kingdom,5/9/2021,TRUE
United Kingdom,5/10/2021,TRUE
United Kingdom,5/11/2021,TRUE
United Kingdom,5/12/2021,TRUE
United Kingdom,5/13/2021,TRUE
United Kingdom,5/14/2021,TRUE
United Kingdom,5/15/2021,TRUE
United Kingdom,5/16/2021,TRUE
United Kingdom,5/17/2021,TRUE
United Kingdom,5/18/2021,TRUE
United Kingdom,5/19/2021,TRUE
United Kingdom,5/20/2021,TRUE
United Kingdom,5/21/2021,TRUE
United Kingdom,5/22/2021,TRUE
United Kingdom,5/23/2021,TRUE
United Kingdom,5/24/2021,TRUE
United Kingdom,5/25/2021,TRUE
United Kingdom,5/26/2021,TRUE
United Kingdom,5/27/2021,TRUE
United Kingdom,5/28/2021,TRUE
United Kingdom,5/29/2021,TRUE
United Kingdom,5/30/2021,TRUE
United Kingdom,5/31/2021,TRUE
United Kingdom,6/1/2021,TRUE
United Kingdom,6/2/2021,TRUE
United Kingdom,6/3/2021,TRUE
United Kingdom,6/4/2021,TRUE
United Kingdom,6/5/2021,TRUE
United Kingdom,6/6/2021,TRUE
United Kingdom,6/7/2021,TRUE
United Kingdom,6/8/2021,TRUE
United Kingdom,6/9/2021,TRUE
United Kingdom,6/10/2021,TRUE
United Kingdom,6/11/2021,TRUE
United Kingdom,6/12/2021,TRUE
United Kingdom,6/13/2021,TRUE
United Kingdom,6/14/2021,TRUE
United Kingdom,6/15/2021,TRUE
United Kingdom,6/16/2021,TRUE
United Kingdom,6/17/2021,TRUE
United Kingdom,6/18/2021,TRUE
United Kingdom,6/19/2021,TRUE
United Kingdom,6/20/2021,FALSE
United Kingdom,6/21/2021,FALSE
United Kingdom,6/22/2021,FALSE
United Kingdom,6/23/2021,FALSE
United Kingdom,6/24/2021,FALSE
United Kingdom,6/25/2021,FALSE
United Kingdom,6/26/2021,FALSE
United Kingdom,6/27/2021,FALSE
United Kingdom,6/28/2021,FALSE
United Kingdom,6/29/2021,FALSE
United Kingdom,6/30/2021,FALSE
United Kingdom,7/1/2021,FALSE
United Kingdom,7/2/2021,FALSE
United Kingdom,7/3/2021,FALSE
United Kingdom,7/4/2021,FALSE
United Kingdom,7/5/2021,FALSE
United Kingdom,7/6/2021,FALSE
United Kingdom,7/7/2021,FALSE
United Kingdom,7/8/2021,FALSE
United Kingdom,7/9/2021,FALSE
United Kingdom,7/10/2021,FALSE
United Kingdom,7/11/2021,FALSE
United Kingdom,7/12/2021,FALSE
United Kingdom,7/13/2021,FALSE
United Kingdom,7/14/2021,FALSE
United Kingdom,7/15/2021,FALSE
United Kingdom,7/16/2021,FALSE
United Kingdom,7/17/2021,FALSE
United Kingdom,7/18/2021,FALSE
United Kingdom,7/19/2021,FALSE
United Kingdom,7/20/2021,FALSE
United Kingdom,7/21/2021,FALSE
United Kingdom,7/22/2021,FALSE
United Kingdom,7/23/2021,FALSE
United Kingdom,7/24/2021,FALSE
United Kingdom,7/25/2021,FALSE
United Kingdom,7/26/2021,FALSE
United Kingdom,7/27/2021,FALSE
United Kingdom,7/28/2021,FALSE
United Kingdom,7/29/2021,FALSE
United Kingdom,7/30/2021,FALSE
United Kingdom,7/31/2021,FALSE
United Kingdom,8/1/2021,FALSE
United Kingdom,8/2/2021,FALSE
United Kingdom,8/3/2021,FALSE
United Kingdom,8/4/2021,FALSE
United Kingdom,8/5/2021,FALSE
United Kingdom,8/6/2021,FALSE
United Kingdom,8/7/2021,FALSE
United Kingdom,8/8/2021,FALSE
United Kingdom,8/9/2021,FALSE
United Kingdom,8/10/2021,FALSE
United Kingdom,8/11/2021,FALSE
United Kingdom,8/12/2021,FALSE
United Kingdom,8/13/2021,FALSE
United Kingdom,8/14/2021,FALSE
United Kingdom,8/15/2021,FALSE
United Kingdom,8/16/2021,FALSE
United Kingdom,8/17/2021,FALSE
United Kingdom,8/18/2021,FALSE
United Kingdom,8/19/2021,FALSE
United Kingdom,8/20/2021,FALSE
United Kingdom,8/21/2021,FALSE
United Kingdom,8/22/2021,FALSE
United Kingdom,8/23/2021,FALSE
United Kingdom,8/24/2021,FALSE
United Kingdom,8/25/2021,FALSE
United Kingdom,8/26/2021,FALSE
United Kingdom,8/27/2021,FALSE
United Kingdom,8/28/2021,FALSE
United Kingdom,8/29/2021,FALSE
United Kingdom,8/30/2021,FALSE
United Kingdom,8/31/2021,FALSE
United Kingdom,9/1/2021,FALSE
United Kingdom,9/2/2021,FALSE
United Kingdom,9/3/2021,FALSE
United Kingdom,9/4/2021,FALSE
United Kingdom,9/5/2021,FALSE
United Kingdom,9/6/2021,FALSE
United Kingdom,9/7/2021,FALSE
United Kingdom,9/8/2021,FALSE
United Kingdom,9/9/2021,FALSE
United Kingdom,9/10/2021,FALSE
United Kingdom,9/11/2021,FALSE
United Kingdom,9/12/2021,FALSE
United Kingdom,9/13/2021,FALSE
United Kingdom,9/14/2021,FALSE
United Kingdom,9/15/2021,FALSE
United Kingdom,9/16/2021,FALSE
United Kingdom,9/17/2021,FALSE
United Kingdom,9/18/2021,FALSE
United Kingdom,9/19/2021,FALSE
United Kingdom,9/20/2021,FALSE
United Kingdom,9/21/2021,FALSE
United Kingdom,9/22/2021,FALSE
United Kingdom,9/23/2021,FALSE
United Kingdom,9/24/2021,FALSE
United Kingdom,9/25/2021,FALSE
United Kingdom,9/26/2021,FALSE
United Kingdom,9/27/2021,FALSE
United Kingdom,9/28/2021,FALSE
United Kingdom,9/29/2021,FALSE
United Kingdom,9/30/2021,FALSE
United Kingdom,10/1/2021,FALSE
United Kingdom,10/2/2021,FALSE
United Kingdom,10/3/2021,FALSE
United Kingdom,10/4/2021,FALSE
United Kingdom,10/5/2021,FALSE
United Kingdom,10/6/2021,FALSE
United Kingdom,10/7/2021,FALSE
United Kingdom,10/8/2021,FALSE
United Kingdom,10/9/2021,FALSE
United Kingdom,10/10/2021,FALSE
United Kingdom,10/11/2021,FALSE
United Kingdom,10/12/2021,FALSE
United Kingdom,10/13/2021,FALSE
United Kingdom,10/14/2021,FALSE
United Kingdom,10/15/2021,FALSE
United Kingdom,10/16/2021,FALSE
United Kingdom,10/17/2021,FALSE
United Kingdom,10/18/2021,FALSE
United Kingdom,10/19/2021,FALSE
United Kingdom,10/20/2021,FALSE
United Kingdom,10/21/2021,FALSE
United Kingdom,10/22/2021,FALSE
United Kingdom,10/23/2021,FALSE
United Kingdom,10/24/2021,FALSE
United Kingdom,10/25/2021,FALSE
United Kingdom,10/26/2021,FALSE
United Kingdom,10/27/2021,FALSE
United Kingdom,10/28/2021,FALSE
United Kingdom,10/29/2021,FALSE
United Kingdom,10/30/2021,FALSE
United Kingdom,10/31/2021,FALSE
United Kingdom,11/1/2021,FALSE
United Kingdom,11/2/2021,FALSE
United Kingdom,11/3/2021,FALSE
United Kingdom,11/4/2021,FALSE
United Kingdom,11/5/2021,FALSE
United Kingdom,11/6/2021,FALSE
United Kingdom,11/7/2021,FALSE
United Kingdom,11/8/2021,FALSE
United Kingdom,11/9/2021,FALSE
United Kingdom,11/10/2021,FALSE
United Kingdom,11/11/2021,FALSE
United Kingdom,11/12/2021,FALSE
United Kingdom,11/13/2021,FALSE
United Kingdom,11/14/2021,FALSE
United Kingdom,11/15/2021,FALSE
United Kingdom,11/16/2021,FALSE
United Kingdom,11/17/2021,FALSE
United Kingdom,11/18/2021,FALSE
United Kingdom,11/19/2021,FALSE
United Kingdom,11/20/2021,FALSE
United Kingdom,11/21/2021,FALSE
United Kingdom,11/22/2021,FALSE
United Kingdom,11/23/2021,FALSE
United Kingdom,11/24/2021,FALSE
United Kingdom,11/25/2021,FALSE
United Kingdom,11/26/2021,FALSE
United Kingdom,11/27/2021,FALSE
United Kingdom,11/28/2021,FALSE
United Kingdom,11/29/2021,FALSE
United Kingdom,11/30/2021,FALSE
United Kingdom,12/1/2021,FALSE
United Kingdom,12/2/2021,FALSE
United Kingdom,12/3/2021,FALSE
United Kingdom,12/4/2021,FALSE
United Kingdom,12/5/2021,FALSE
United Kingdom,12/6/2021,FALSE
United Kingdom,12/7/2021,FALSE
United Kingdom,12/8/2021,FALSE
United Kingdom,12/9/2021,FALSE
United Kingdom,12/10/2021,FALSE
United Kingdom,12/11/2021,FALSE
United Kingdom,12/12/2021,FALSE
United Kingdom,12/13/2021,FALSE
United Kingdom,12/14/2021,FALSE
United Kingdom,12/15/2021,FALSE
United Kingdom,12/16/2021,FALSE
United Kingdom,12/17/2021,FALSE
United Kingdom,12/18/2021,FALSE
United Kingdom,12/19/2021,FALSE
United Kingdom,12/20/2021,FALSE
United Kingdom,12/21/2021,FALSE
United Kingdom,12/22/2021,FALSE
United Kingdom,12/23/2021,FALSE
United Kingdom,12/24/2021,FALSE
United Kingdom,12/25/2021,FALSE
United Kingdom,12/26/2021,FALSE
United Kingdom,12/27/2021,FALSE
United Kingdom,12/28/2021,FALSE
United Kingdom,12/29/2021,FALSE
United Kingdom,12/30/2021,FALSE
United Kingdom,12/31/2021,FALSE
United Kingdom,1/1/2022,FALSE
United Kingdom,1/2/2022,FALSE
United Kingdom,1/3/2022,FALSE
United Kingdom,1/4/2022,FALSE
United Kingdom,1/5/2022,FALSE
United Kingdom,1/6/2022,FALSE
United Kingdom,1/7/2022,FALSE
United Kingdom,1/8/2022,FALSE
United Kingdom,1/9/2022,FALSE
United Kingdom,1/10/2022,FALSE
United Kingdom,1/11/2022,FALSE
United Kingdom,1/12/2022,FALSE
United Kingdom,1/13/2022,FALSE
United Kingdom,1/14/2022,FALSE
United Kingdom,1/15/2022,FALSE
United Kingdom,1/16/2022,FALSE
United Kingdom,1/17/2022,FALSE
United Kingdom,1/18/2022,FALSE
United Kingdom,1/19/2022,FALSE
United Kingdom,1/20/2022,FALSE
United Kingdom,1/21/2022,FALSE
United Kingdom,1/22/2022,FALSE
United Kingdom,1/23/2022,FALSE
United Kingdom,1/24/2022,FALSE
United Kingdom,1/25/2022,FALSE
United Kingdom,1/26/2022,FALSE
United Kingdom,1/27/2022,FALSE
United Kingdom,1/28/2022,FALSE
United Kingdom,1/29/2022,FALSE
United Kingdom,1/30/2022,FALSE
United Kingdom,1/31/2022,FALSE
United Kingdom,2/1/2022,FALSE
United Kingdom,2/2/2022,FALSE
Alberta,1/26/2020,FALSE
Alberta,1/27/2020,FALSE
Alberta,1/28/2020,FALSE
Alberta,1/29/2020,FALSE
Alberta,1/30/2020,FALSE
Alberta,1/31/2020,FALSE
Alberta,2/1/2020,FALSE
Alberta,2/2/2020,FALSE
Alberta,2/3/2020,FALSE
Alberta,2/4/2020,FALSE
Alberta,2/5/2020,FALSE
Alberta,2/6/2020,FALSE
Alberta,2/7/2020,FALSE
Alberta,2/8/2020,FALSE
Alberta,2/9/2020,FALSE
Alberta,2/10/2020,FALSE
Alberta,2/11/2020,FALSE
Alberta,2/12/2020,FALSE
Alberta,2/13/2020,FALSE
Alberta,2/14/2020,FALSE
Alberta,2/15/2020,FALSE
Alberta,2/16/2020,FALSE
Alberta,2/17/2020,FALSE
Alberta,2/18/2020,FALSE
Alberta,2/19/2020,FALSE
Alberta,2/20/2020,FALSE
Alberta,2/21/2020,FALSE
Alberta,2/22/2020,FALSE
Alberta,2/23/2020,FALSE
Alberta,2/24/2020,FALSE
Alberta,2/25/2020,FALSE
Alberta,2/26/2020,FALSE
Alberta,2/27/2020,FALSE
Alberta,2/28/2020,FALSE
Alberta,2/29/2020,FALSE
Alberta,3/1/2020,FALSE
Alberta,3/2/2020,FALSE
Alberta,3/3/2020,FALSE
Alberta,3/4/2020,FALSE
Alberta,3/5/2020,FALSE
Alberta,3/6/2020,FALSE
Alberta,3/7/2020,FALSE
Alberta,3/8/2020,FALSE
Alberta,3/9/2020,FALSE
Alberta,3/10/2020,FALSE
Alberta,3/11/2020,FALSE
Alberta,3/12/2020,FALSE
Alberta,3/13/2020,FALSE
Alberta,3/14/2020,FALSE
Alberta,3/15/2020,FALSE
Alberta,3/16/2020,FALSE
Alberta,3/17/2020,TRUE
Alberta,3/18/2020,TRUE
Alberta,3/19/2020,TRUE
Alberta,3/20/2020,TRUE
Alberta,3/21/2020,TRUE
Alberta,3/22/2020,TRUE
Alberta,3/23/2020,TRUE
Alberta,3/24/2020,TRUE
Alberta,3/25/2020,TRUE
Alberta,3/26/2020,TRUE
Alberta,3/27/2020,TRUE
Alberta,3/28/2020,TRUE
Alberta,3/29/2020,TRUE
Alberta,3/30/2020,TRUE
Alberta,3/31/2020,TRUE
Alberta,4/1/2020,TRUE
Alberta,4/2/2020,TRUE
Alberta,4/3/2020,TRUE
Alberta,4/4/2020,TRUE
Alberta,4/5/2020,TRUE
Alberta,4/6/2020,TRUE
Alberta,4/7/2020,TRUE
Alberta,4/8/2020,TRUE
Alberta,4/9/2020,TRUE
Alberta,4/10/2020,TRUE
Alberta,4/11/2020,TRUE
Alberta,4/12/2020,TRUE
Alberta,4/13/2020,TRUE
Alberta,4/14/2020,TRUE
Alberta,4/15/2020,TRUE
Alberta,4/16/2020,TRUE
Alberta,4/17/2020,TRUE
Alberta,4/18/2020,TRUE
Alberta,4/19/2020,TRUE
Alberta,4/20/2020,TRUE
Alberta,4/21/2020,TRUE
Alberta,4/22/2020,TRUE
Alberta,4/23/2020,TRUE
Alberta,4/24/2020,TRUE
Alberta,4/25/2020,TRUE
Alberta,4/26/2020,TRUE
Alberta,4/27/2020,TRUE
Alberta,4/28/2020,TRUE
Alberta,4/29/2020,TRUE
Alberta,4/30/2020,TRUE
Alberta,5/1/2020,TRUE
Alberta,5/2/2020,TRUE
Alberta,5/3/2020,TRUE
Alberta,5/4/2020,TRUE
Alberta,5/5/2020,TRUE
Alberta,5/6/2020,TRUE
Alberta,5/7/2020,TRUE
Alberta,5/8/2020,TRUE
Alberta,5/9/2020,TRUE
Alberta,5/10/2020,TRUE
Alberta,5/11/2020,TRUE
Alberta,5/12/2020,TRUE
Alberta,5/13/2020,TRUE
Alberta,5/14/2020,TRUE
Alberta,5/15/2020,TRUE
Alberta,5/16/2020,TRUE
Alberta,5/17/2020,TRUE
Alberta,5/18/2020,TRUE
Alberta,5/19/2020,TRUE
Alberta,5/20/2020,TRUE
Alberta,5/21/2020,TRUE
Alberta,5/22/2020,TRUE
Alberta,5/23/2020,TRUE
Alberta,5/24/2020,TRUE
Alberta,5/25/2020,TRUE
Alberta,5/26/2020,TRUE
Alberta,5/27/2020,TRUE
Alberta,5/28/2020,TRUE
Alberta,5/29/2020,TRUE
Alberta,5/30/2020,TRUE
Alberta,5/31/2020,TRUE
Alberta,6/1/2020,TRUE
Alberta,6/2/2020,TRUE
Alberta,6/3/2020,TRUE
Alberta,6/4/2020,TRUE
Alberta,6/5/2020,TRUE
Alberta,6/6/2020,TRUE
Alberta,6/7/2020,TRUE
Alberta,6/8/2020,TRUE
Alberta,6/9/2020,TRUE
Alberta,6/10/2020,TRUE
Alberta,6/11/2020,TRUE
Alberta,6/12/2020,TRUE
Alberta,6/13/2020,TRUE
Alberta,6/14/2020,TRUE
Alberta,6/15/2020,TRUE
Alberta,6/16/2020,FALSE
Alberta,6/17/2020,FALSE
Alberta,6/18/2020,FALSE
Alberta,6/19/2020,FALSE
Alberta,6/20/2020,FALSE
Alberta,6/21/2020,FALSE
Alberta,6/22/2020,FALSE
Alberta,6/23/2020,FALSE
Alberta,6/24/2020,FALSE
Alberta,6/25/2020,FALSE
Alberta,6/26/2020,FALSE
Alberta,6/27/2020,FALSE
Alberta,6/28/2020,FALSE
Alberta,6/29/2020,FALSE
Alberta,6/30/2020,FALSE
Alberta,7/1/2020,FALSE
Alberta,7/2/2020,FALSE
Alberta,7/3/2020,FALSE
Alberta,7/4/2020,FALSE
Alberta,7/5/2020,FALSE
Alberta,7/6/2020,FALSE
Alberta,7/7/2020,FALSE
Alberta,7/8/2020,FALSE
Alberta,7/9/2020,FALSE
Alberta,7/10/2020,FALSE
Alberta,7/11/2020,FALSE
Alberta,7/12/2020,FALSE
Alberta,7/13/2020,FALSE
Alberta,7/14/2020,FALSE
Alberta,7/15/2020,FALSE
Alberta,7/16/2020,FALSE
Alberta,7/17/2020,FALSE
Alberta,7/18/2020,FALSE
Alberta,7/19/2020,FALSE
Alberta,7/20/2020,FALSE
Alberta,7/21/2020,FALSE
Alberta,7/22/2020,FALSE
Alberta,7/23/2020,FALSE
Alberta,7/24/2020,FALSE
Alberta,7/25/2020,FALSE
Alberta,7/26/2020,FALSE
Alberta,7/27/2020,FALSE
Alberta,7/28/2020,FALSE
Alberta,7/29/2020,FALSE
Alberta,7/30/2020,FALSE
Alberta,7/31/2020,FALSE
Alberta,8/1/2020,FALSE
Alberta,8/2/2020,FALSE
Alberta,8/3/2020,FALSE
Alberta,8/4/2020,FALSE
Alberta,8/5/2020,FALSE
Alberta,8/6/2020,FALSE
Alberta,8/7/2020,FALSE
Alberta,8/8/2020,FALSE
Alberta,8/9/2020,FALSE
Alberta,8/10/2020,FALSE
Alberta,8/11/2020,FALSE
Alberta,8/12/2020,FALSE
Alberta,8/13/2020,FALSE
Alberta,8/14/2020,FALSE
Alberta,8/15/2020,FALSE
Alberta,8/16/2020,FALSE
Alberta,8/17/2020,FALSE
Alberta,8/18/2020,FALSE
Alberta,8/19/2020,FALSE
Alberta,8/20/2020,FALSE
Alberta,8/21/2020,FALSE
Alberta,8/22/2020,FALSE
Alberta,8/23/2020,FALSE
Alberta,8/24/2020,FALSE
Alberta,8/25/2020,FALSE
Alberta,8/26/2020,FALSE
Alberta,8/27/2020,FALSE
Alberta,8/28/2020,FALSE
Alberta,8/29/2020,FALSE
Alberta,8/30/2020,FALSE
Alberta,8/31/2020,FALSE
Alberta,9/1/2020,FALSE
Alberta,9/2/2020,FALSE
Alberta,9/3/2020,FALSE
Alberta,9/4/2020,FALSE
Alberta,9/5/2020,FALSE
Alberta,9/6/2020,FALSE
Alberta,9/7/2020,FALSE
Alberta,9/8/2020,FALSE
Alberta,9/9/2020,FALSE
Alberta,9/10/2020,FALSE
Alberta,9/11/2020,FALSE
Alberta,9/12/2020,FALSE
Alberta,9/13/2020,FALSE
Alberta,9/14/2020,FALSE
Alberta,9/15/2020,FALSE
Alberta,9/16/2020,FALSE
Alberta,9/17/2020,FALSE
Alberta,9/18/2020,FALSE
Alberta,9/19/2020,FALSE
Alberta,9/20/2020,FALSE
Alberta,9/21/2020,FALSE
Alberta,9/22/2020,FALSE
Alberta,9/23/2020,FALSE
Alberta,9/24/2020,FALSE
Alberta,9/25/2020,FALSE
Alberta,9/26/2020,FALSE
Alberta,9/27/2020,FALSE
Alberta,9/28/2020,FALSE
Alberta,9/29/2020,FALSE
Alberta,9/30/2020,FALSE
Alberta,10/1/2020,FALSE
Alberta,10/2/2020,FALSE
Alberta,10/3/2020,FALSE
Alberta,10/4/2020,FALSE
Alberta,10/5/2020,FALSE
Alberta,10/6/2020,FALSE
Alberta,10/7/2020,FALSE
Alberta,10/8/2020,FALSE
Alberta,10/9/2020,FALSE
Alberta,10/10/2020,FALSE
Alberta,10/11/2020,FALSE
Alberta,10/12/2020,FALSE
Alberta,10/13/2020,FALSE
Alberta,10/14/2020,FALSE
Alberta,10/15/2020,FALSE
Alberta,10/16/2020,FALSE
Alberta,10/17/2020,FALSE
Alberta,10/18/2020,FALSE
Alberta,10/19/2020,FALSE
Alberta,10/20/2020,FALSE
Alberta,10/21/2020,FALSE
Alberta,10/22/2020,FALSE
Alberta,10/23/2020,FALSE
Alberta,10/24/2020,FALSE
Alberta,10/25/2020,FALSE
Alberta,10/26/2020,FALSE
Alberta,10/27/2020,FALSE
Alberta,10/28/2020,FALSE
Alberta,10/29/2020,FALSE
Alberta,10/30/2020,FALSE
Alberta,10/31/2020,FALSE
Alberta,11/1/2020,FALSE
Alberta,11/2/2020,FALSE
Alberta,11/3/2020,FALSE
Alberta,11/4/2020,FALSE
Alberta,11/5/2020,FALSE
Alberta,11/6/2020,TRUE
Alberta,11/7/2020,TRUE
Alberta,11/8/2020,TRUE
Alberta,11/9/2020,TRUE
Alberta,11/10/2020,TRUE
Alberta,11/11/2020,TRUE
Alberta,11/12/2020,TRUE
Alberta,11/13/2020,TRUE
Alberta,11/14/2020,TRUE
Alberta,11/15/2020,TRUE
Alberta,11/16/2020,TRUE
Alberta,11/17/2020,TRUE
Alberta,11/18/2020,TRUE
Alberta,11/19/2020,TRUE
Alberta,11/20/2020,TRUE
Alberta,11/21/2020,TRUE
Alberta,11/22/2020,TRUE
Alberta,11/23/2020,TRUE
Alberta,11/24/2020,TRUE
Alberta,11/25/2020,TRUE
Alberta,11/26/2020,TRUE
Alberta,11/27/2020,TRUE
Alberta,11/28/2020,TRUE
Alberta,11/29/2020,TRUE
Alberta,11/30/2020,TRUE
Alberta,12/1/2020,TRUE
Alberta,12/2/2020,TRUE
Alberta,12/3/2020,TRUE
Alberta,12/4/2020,TRUE
Alberta,12/5/2020,TRUE
Alberta,12/6/2020,TRUE
Alberta,12/7/2020,TRUE
Alberta,12/8/2020,TRUE
Alberta,12/9/2020,TRUE
Alberta,12/10/2020,TRUE
Alberta,12/11/2020,TRUE
Alberta,12/12/2020,TRUE
Alberta,12/13/2020,TRUE
Alberta,12/14/2020,TRUE
Alberta,12/15/2020,TRUE
Alberta,12/16/2020,TRUE
Alberta,12/17/2020,TRUE
Alberta,12/18/2020,TRUE
Alberta,12/19/2020,TRUE
Alberta,12/20/2020,TRUE
Alberta,12/21/2020,TRUE
Alberta,12/22/2020,TRUE
Alberta,12/23/2020,TRUE
Alberta,12/24/2020,TRUE
Alberta,12/25/2020,TRUE
Alberta,12/26/2020,TRUE
Alberta,12/27/2020,TRUE
Alberta,12/28/2020,TRUE
Alberta,12/29/2020,TRUE
Alberta,12/30/2020,TRUE
Alberta,12/31/2020,TRUE
Alberta,1/1/2021,TRUE
Alberta,1/2/2021,TRUE
Alberta,1/3/2021,TRUE
Alberta,1/4/2021,TRUE
Alberta,1/5/2021,TRUE
Alberta,1/6/2021,TRUE
Alberta,1/7/2021,TRUE
Alberta,1/8/2021,TRUE
Alberta,1/9/2021,TRUE
Alberta,1/10/2021,TRUE
Alberta,1/11/2021,TRUE
Alberta,1/12/2021,TRUE
Alberta,1/13/2021,TRUE
Alberta,1/14/2021,TRUE
Alberta,1/15/2021,TRUE
Alberta,1/16/2021,TRUE
Alberta,1/17/2021,TRUE
Alberta,1/18/2021,TRUE
Alberta,1/19/2021,TRUE
Alberta,1/20/2021,TRUE
Alberta,1/21/2021,TRUE
Alberta,1/22/2021,TRUE
Alberta,1/23/2021,TRUE
Alberta,1/24/2021,TRUE
Alberta,1/25/2021,TRUE
Alberta,1/26/2021,TRUE
Alberta,1/27/2021,TRUE
Alberta,1/28/2021,TRUE
Alberta,1/29/2021,TRUE
Alberta,1/30/2021,TRUE
Alberta,1/31/2021,TRUE
Alberta,2/1/2021,TRUE
Alberta,2/2/2021,TRUE
Alberta,2/3/2021,TRUE
Alberta,2/4/2021,TRUE
Alberta,2/5/2021,TRUE
Alberta,2/6/2021,TRUE
Alberta,2/7/2021,TRUE
Alberta,2/8/2021,TRUE
Alberta,2/9/2021,FALSE
Alberta,2/10/2021,FALSE
Alberta,2/11/2021,FALSE
Alberta,2/12/2021,FALSE
Alberta,2/13/2021,FALSE
Alberta,2/14/2021,FALSE
Alberta,2/15/2021,FALSE
Alberta,2/16/2021,FALSE
Alberta,2/17/2021,FALSE
Alberta,2/18/2021,FALSE
Alberta,2/19/2021,FALSE
Alberta,2/20/2021,FALSE
Alberta,2/21/2021,FALSE
Alberta,2/22/2021,FALSE
Alberta,2/23/2021,FALSE
Alberta,2/24/2021,FALSE
Alberta,2/25/2021,FALSE
Alberta,2/26/2021,FALSE
Alberta,2/27/2021,FALSE
Alberta,2/28/2021,FALSE
Alberta,3/1/2021,FALSE
Alberta,3/2/2021,FALSE
Alberta,3/3/2021,FALSE
Alberta,3/4/2021,FALSE
Alberta,3/5/2021,FALSE
Alberta,3/6/2021,FALSE
Alberta,3/7/2021,FALSE
Alberta,3/8/2021,FALSE
Alberta,3/9/2021,FALSE
Alberta,3/10/2021,FALSE
Alberta,3/11/2021,FALSE
Alberta,3/12/2021,FALSE
Alberta,3/13/2021,FALSE
Alberta,3/14/2021,FALSE
Alberta,3/15/2021,FALSE
Alberta,3/16/2021,FALSE
Alberta,3/17/2021,FALSE
Alberta,3/18/2021,FALSE
Alberta,3/19/2021,FALSE
Alberta,3/20/2021,FALSE
Alberta,3/21/2021,FALSE
Alberta,3/22/2021,FALSE
Alberta,3/23/2021,FALSE
Alberta,3/24/2021,FALSE
Alberta,3/25/2021,FALSE
Alberta,3/26/2021,FALSE
Alberta,3/27/2021,FALSE
Alberta,3/28/2021,FALSE
Alberta,3/29/2021,FALSE
Alberta,3/30/2021,FALSE
Alberta,3/31/2021,FALSE
Alberta,4/1/2021,FALSE
Alberta,4/2/2021,FALSE
Alberta,4/3/2021,FALSE
Alberta,4/4/2021,FALSE
Alberta,4/5/2021,FALSE
Alberta,4/6/2021,FALSE
Alberta,4/7/2021,FALSE
Alberta,4/8/2021,FALSE
Alberta,4/9/2021,FALSE
Alberta,4/10/2021,FALSE
Alberta,4/11/2021,FALSE
Alberta,4/12/2021,FALSE
Alberta,4/13/2021,FALSE
Alberta,4/14/2021,FALSE
Alberta,4/15/2021,FALSE
Alberta,4/16/2021,FALSE
Alberta,4/17/2021,FALSE
Alberta,4/18/2021,FALSE
Alberta,4/19/2021,FALSE
Alberta,4/20/2021,FALSE
Alberta,4/21/2021,FALSE
Alberta,4/22/2021,FALSE
Alberta,4/23/2021,FALSE
Alberta,4/24/2021,FALSE
Alberta,4/25/2021,FALSE
Alberta,4/26/2021,FALSE
Alberta,4/27/2021,FALSE
Alberta,4/28/2021,FALSE
Alberta,4/29/2021,FALSE
Alberta,4/30/2021,FALSE
Alberta,5/1/2021,FALSE
Alberta,5/2/2021,FALSE
Alberta,5/3/2021,FALSE
Alberta,5/4/2021,FALSE
Alberta,5/5/2021,FALSE
Alberta,5/6/2021,FALSE
Alberta,5/7/2021,FALSE
Alberta,5/8/2021,FALSE
Alberta,5/9/2021,FALSE
Alberta,5/10/2021,FALSE
Alberta,5/11/2021,FALSE
Alberta,5/12/2021,FALSE
Alberta,5/13/2021,FALSE
Alberta,5/14/2021,FALSE
Alberta,5/15/2021,FALSE
Alberta,5/16/2021,FALSE
Alberta,5/17/2021,FALSE
Alberta,5/18/2021,FALSE
Alberta,5/19/2021,FALSE
Alberta,5/20/2021,FALSE
Alberta,5/21/2021,FALSE
Alberta,5/22/2021,FALSE
Alberta,5/23/2021,FALSE
Alberta,5/24/2021,FALSE
Alberta,5/25/2021,FALSE
Alberta,5/26/2021,FALSE
Alberta,5/27/2021,FALSE
Alberta,5/28/2021,FALSE
Alberta,5/29/2021,FALSE
Alberta,5/30/2021,FALSE
Alberta,5/31/2021,FALSE
Alberta,6/1/2021,FALSE
Alberta,6/2/2021,FALSE
Alberta,6/3/2021,FALSE
Alberta,6/4/2021,FALSE
Alberta,6/5/2021,FALSE
Alberta,6/6/2021,FALSE
Alberta,6/7/2021,FALSE
Alberta,6/8/2021,FALSE
Alberta,6/9/2021,FALSE
Alberta,6/10/2021,FALSE
Alberta,6/11/2021,FALSE
Alberta,6/12/2021,FALSE
Alberta,6/13/2021,FALSE
Alberta,6/14/2021,FALSE
Alberta,6/15/2021,FALSE
Alberta,6/16/2021,FALSE
Alberta,6/17/2021,FALSE
Alberta,6/18/2021,FALSE
Alberta,6/19/2021,FALSE
Alberta,6/20/2021,FALSE
Alberta,6/21/2021,FALSE
Alberta,6/22/2021,FALSE
Alberta,6/23/2021,FALSE
Alberta,6/24/2021,FALSE
Alberta,6/25/2021,FALSE
Alberta,6/26/2021,FALSE
Alberta,6/27/2021,FALSE
Alberta,6/28/2021,FALSE
Alberta,6/29/2021,FALSE
Alberta,6/30/2021,FALSE
Alberta,7/1/2021,FALSE
Alberta,7/2/2021,FALSE
Alberta,7/3/2021,FALSE
Alberta,7/4/2021,FALSE
Alberta,7/5/2021,FALSE
Alberta,7/6/2021,FALSE
Alberta,7/7/2021,FALSE
Alberta,7/8/2021,FALSE
Alberta,7/9/2021,FALSE
Alberta,7/10/2021,FALSE
Alberta,7/11/2021,FALSE
Alberta,7/12/2021,FALSE
Alberta,7/13/2021,FALSE
Alberta,7/14/2021,FALSE
Alberta,7/15/2021,FALSE
Alberta,7/16/2021,FALSE
Alberta,7/17/2021,FALSE
Alberta,7/18/2021,FALSE
Alberta,7/19/2021,FALSE
Alberta,7/20/2021,FALSE
Alberta,7/21/2021,FALSE
Alberta,7/22/2021,FALSE
Alberta,7/23/2021,FALSE
Alberta,7/24/2021,FALSE
Alberta,7/25/2021,FALSE
Alberta,7/26/2021,FALSE
Alberta,7/27/2021,FALSE
Alberta,7/28/2021,FALSE
Alberta,7/29/2021,FALSE
Alberta,7/30/2021,FALSE
Alberta,7/31/2021,FALSE
Alberta,8/1/2021,FALSE
Alberta,8/2/2021,FALSE
Alberta,8/3/2021,FALSE
Alberta,8/4/2021,FALSE
Alberta,8/5/2021,FALSE
Alberta,8/6/2021,FALSE
Alberta,8/7/2021,FALSE
Alberta,8/8/2021,FALSE
Alberta,8/9/2021,FALSE
Alberta,8/10/2021,FALSE
Alberta,8/11/2021,FALSE
Alberta,8/12/2021,FALSE
Alberta,8/13/2021,FALSE
Alberta,8/14/2021,FALSE
Alberta,8/15/2021,FALSE
Alberta,8/16/2021,FALSE
Alberta,8/17/2021,FALSE
Alberta,8/18/2021,FALSE
Alberta,8/19/2021,FALSE
Alberta,8/20/2021,FALSE
Alberta,8/21/2021,FALSE
Alberta,8/22/2021,FALSE
Alberta,8/23/2021,FALSE
Alberta,8/24/2021,FALSE
Alberta,8/25/2021,FALSE
Alberta,8/26/2021,FALSE
Alberta,8/27/2021,FALSE
Alberta,8/28/2021,FALSE
Alberta,8/29/2021,FALSE
Alberta,8/30/2021,FALSE
Alberta,8/31/2021,FALSE
Alberta,9/1/2021,FALSE
Alberta,9/2/2021,FALSE
Alberta,9/3/2021,FALSE
Alberta,9/4/2021,FALSE
Alberta,9/5/2021,FALSE
Alberta,9/6/2021,FALSE
Alberta,9/7/2021,FALSE
Alberta,9/8/2021,FALSE
Alberta,9/9/2021,FALSE
Alberta,9/10/2021,FALSE
Alberta,9/11/2021,FALSE
Alberta,9/12/2021,FALSE
Alberta,9/13/2021,FALSE
Alberta,9/14/2021,FALSE
Alberta,9/15/2021,TRUE
Alberta,9/16/2021,TRUE
Alberta,9/17/2021,TRUE
Alberta,9/18/2021,TRUE
Alberta,9/19/2021,TRUE
Alberta,9/20/2021,TRUE
Alberta,9/21/2021,TRUE
Alberta,9/22/2021,TRUE
Alberta,9/23/2021,TRUE
Alberta,9/24/2021,TRUE
Alberta,9/25/2021,TRUE
Alberta,9/26/2021,TRUE
Alberta,9/27/2021,TRUE
Alberta,9/28/2021,TRUE
Alberta,9/29/2021,TRUE
Alberta,9/30/2021,TRUE
Alberta,10/1/2021,TRUE
Alberta,10/2/2021,TRUE
Alberta,10/3/2021,TRUE
Alberta,10/4/2021,TRUE
Alberta,10/5/2021,TRUE
Alberta,10/6/2021,TRUE
Alberta,10/7/2021,TRUE
Alberta,10/8/2021,TRUE
Alberta,10/9/2021,TRUE
Alberta,10/10/2021,TRUE
Alberta,10/11/2021,TRUE
Alberta,10/12/2021,TRUE
Alberta,10/13/2021,TRUE
Alberta,10/14/2021,TRUE
Alberta,10/15/2021,TRUE
Alberta,10/16/2021,TRUE
Alberta,10/17/2021,TRUE
Alberta,10/18/2021,TRUE
Alberta,10/19/2021,TRUE
Alberta,10/20/2021,TRUE
Alberta,10/21/2021,TRUE
Alberta,10/22/2021,TRUE
Alberta,10/23/2021,TRUE
Alberta,10/24/2021,TRUE
Alberta,10/25/2021,TRUE
Alberta,10/26/2021,TRUE
Alberta,10/27/2021,TRUE
Alberta,10/28/2021,TRUE
Alberta,10/29/2021,TRUE
Alberta,10/30/2021,TRUE
Alberta,10/31/2021,TRUE
Alberta,11/1/2021,TRUE
Alberta,11/2/2021,TRUE
Alberta,11/3/2021,TRUE
Alberta,11/4/2021,TRUE
Alberta,11/5/2021,TRUE
Alberta,11/6/2021,TRUE
Alberta,11/7/2021,TRUE
Alberta,11/8/2021,TRUE
Alberta,11/9/2021,TRUE
Alberta,11/10/2021,TRUE
Alberta,11/11/2021,TRUE
Alberta,11/12/2021,TRUE
Alberta,11/13/2021,TRUE
Alberta,11/14/2021,TRUE
Alberta,11/15/2021,TRUE
Alberta,11/16/2021,TRUE
Alberta,11/17/2021,TRUE
Alberta,11/18/2021,TRUE
Alberta,11/19/2021,TRUE
Alberta,11/20/2021,TRUE
Alberta,11/21/2021,TRUE
Alberta,11/22/2021,TRUE
Alberta,11/23/2021,TRUE
Alberta,11/24/2021,TRUE
Alberta,11/25/2021,TRUE
Alberta,11/26/2021,TRUE
Alberta,11/27/2021,TRUE
Alberta,11/28/2021,TRUE
Alberta,11/29/2021,TRUE
Alberta,11/30/2021,TRUE
Alberta,12/1/2021,TRUE
Alberta,12/2/2021,TRUE
Alberta,12/3/2021,TRUE
Alberta,12/4/2021,TRUE
Alberta,12/5/2021,TRUE
Alberta,12/6/2021,TRUE
Alberta,12/7/2021,TRUE
Alberta,12/8/2021,TRUE
Alberta,12/9/2021,TRUE
Alberta,12/10/2021,TRUE
Alberta,12/11/2021,TRUE
Alberta,12/12/2021,TRUE
Alberta,12/13/2021,TRUE
Alberta,12/14/2021,TRUE
Alberta,12/15/2021,TRUE
Alberta,12/16/2021,TRUE
Alberta,12/17/2021,TRUE
Alberta,12/18/2021,TRUE
Alberta,12/19/2021,TRUE
Alberta,12/20/2021,TRUE
Alberta,12/21/2021,TRUE
Alberta,12/22/2021,TRUE
Alberta,12/23/2021,TRUE
Alberta,12/24/2021,TRUE
Alberta,12/25/2021,TRUE
Alberta,12/26/2021,TRUE
Alberta,12/27/2021,TRUE
Alberta,12/28/2021,TRUE
Alberta,12/29/2021,TRUE
Alberta,12/30/2021,TRUE
Alberta,12/31/2021,TRUE
Alberta,1/1/2022,TRUE
Alberta,1/2/2022,TRUE
Alberta,1/3/2022,TRUE
Alberta,1/4/2022,TRUE
Alberta,1/5/2022,TRUE
Alberta,1/6/2022,TRUE
Alberta,1/7/2022,TRUE
Alberta,1/8/2022,TRUE
Alberta,1/9/2022,TRUE
Alberta,1/10/2022,TRUE
Alberta,1/11/2022,TRUE
Alberta,1/12/2022,TRUE
Alberta,1/13/2022,TRUE
Alberta,1/14/2022,TRUE
Alberta,1/15/2022,TRUE
Alberta,1/16/2022,TRUE
Alberta,1/17/2022,TRUE
Alberta,1/18/2022,TRUE
Alberta,1/19/2022,TRUE
Alberta,1/20/2022,TRUE
Alberta,1/21/2022,TRUE
Alberta,1/22/2022,TRUE
Alberta,1/23/2022,TRUE
Alberta,1/24/2022,TRUE
Alberta,1/25/2022,TRUE
Alberta,1/26/2022,TRUE
Alberta,1/27/2022,TRUE
Alberta,1/28/2022,TRUE
Alberta,1/29/2022,TRUE
Alberta,1/30/2022,TRUE
Alberta,1/31/2022,TRUE
Alberta,2/1/2022,TRUE
Alberta,2/2/2022,FALSE
Canada,1/26/2020,FALSE
Canada,1/27/2020,FALSE
Canada,1/28/2020,FALSE
Canada,1/29/2020,FALSE
Canada,1/30/2020,FALSE
Canada,1/31/2020,FALSE
Canada,2/1/2020,FALSE
Canada,2/2/2020,FALSE
Canada,2/3/2020,FALSE
Canada,2/4/2020,FALSE
Canada,2/5/2020,FALSE
Canada,2/6/2020,FALSE
Canada,2/7/2020,FALSE
Canada,2/8/2020,FALSE
Canada,2/9/2020,FALSE
Canada,2/10/2020,FALSE
Canada,2/11/2020,FALSE
Canada,2/12/2020,FALSE
Canada,2/13/2020,FALSE
Canada,2/14/2020,FALSE
Canada,2/15/2020,FALSE
Canada,2/16/2020,FALSE
Canada,2/17/2020,FALSE
Canada,2/18/2020,FALSE
Canada,2/19/2020,FALSE
Canada,2/20/2020,FALSE
Canada,2/21/2020,FALSE
Canada,2/22/2020,FALSE
Canada,2/23/2020,FALSE
Canada,2/24/2020,FALSE
Canada,2/25/2020,FALSE
Canada,2/26/2020,FALSE
Canada,2/27/2020,FALSE
Canada,2/28/2020,FALSE
Canada,2/29/2020,FALSE
Canada,3/1/2020,FALSE
Canada,3/2/2020,FALSE
Canada,3/3/2020,FALSE
Canada,3/4/2020,FALSE
Canada,3/5/2020,FALSE
Canada,3/6/2020,FALSE
Canada,3/7/2020,FALSE
Canada,3/8/2020,FALSE
Canada,3/9/2020,FALSE
Canada,3/10/2020,FALSE
Canada,3/11/2020,FALSE
Canada,3/12/2020,FALSE
Canada,3/13/2020,FALSE
Canada,3/14/2020,FALSE
Canada,3/15/2020,FALSE
Canada,3/16/2020,FALSE
Canada,3/17/2020,FALSE
Canada,3/18/2020,FALSE
Canada,3/19/2020,FALSE
Canada,3/20/2020,FALSE
Canada,3/21/2020,FALSE
Canada,3/22/2020,FALSE
Canada,3/23/2020,FALSE
Canada,3/24/2020,FALSE
Canada,3/25/2020,FALSE
Canada,3/26/2020,FALSE
Canada,3/27/2020,FALSE
Canada,3/28/2020,FALSE
Canada,3/29/2020,FALSE
Canada,3/30/2020,FALSE
Canada,3/31/2020,FALSE
Canada,4/1/2020,FALSE
Canada,4/2/2020,FALSE
Canada,4/3/2020,FALSE
Canada,4/4/2020,FALSE
Canada,4/5/2020,FALSE
Canada,4/6/2020,FALSE
Canada,4/7/2020,FALSE
Canada,4/8/2020,FALSE
Canada,4/9/2020,FALSE
Canada,4/10/2020,FALSE
Canada,4/11/2020,FALSE
Canada,4/12/2020,FALSE
Canada,4/13/2020,FALSE
Canada,4/14/2020,FALSE
Canada,4/15/2020,FALSE
Canada,4/16/2020,FALSE
Canada,4/17/2020,FALSE
Canada,4/18/2020,FALSE
Canada,4/19/2020,FALSE
Canada,4/20/2020,FALSE
Canada,4/21/2020,FALSE
Canada,4/22/2020,FALSE
Canada,4/23/2020,FALSE
Canada,4/24/2020,FALSE
Canada,4/25/2020,FALSE
Canada,4/26/2020,FALSE
Canada,4/27/2020,FALSE
Canada,4/28/2020,FALSE
Canada,4/29/2020,FALSE
Canada,4/30/2020,FALSE
Canada,5/1/2020,FALSE
Canada,5/2/2020,FALSE
Canada,5/3/2020,FALSE
Canada,5/4/2020,FALSE
Canada,5/5/2020,FALSE
Canada,5/6/2020,FALSE
Canada,5/7/2020,FALSE
Canada,5/8/2020,FALSE
Canada,5/9/2020,FALSE
Canada,5/10/2020,FALSE
Canada,5/11/2020,FALSE
Canada,5/12/2020,FALSE
Canada,5/13/2020,FALSE
Canada,5/14/2020,FALSE
Canada,5/15/2020,FALSE
Canada,5/16/2020,FALSE
Canada,5/17/2020,FALSE
Canada,5/18/2020,FALSE
Canada,5/19/2020,FALSE
Canada,5/20/2020,FALSE
Canada,5/21/2020,FALSE
Canada,5/22/2020,FALSE
Canada,5/23/2020,FALSE
Canada,5/24/2020,FALSE
Canada,5/25/2020,FALSE
Canada,5/26/2020,FALSE
Canada,5/27/2020,FALSE
Canada,5/28/2020,FALSE
Canada,5/29/2020,FALSE
Canada,5/30/2020,FALSE
Canada,5/31/2020,FALSE
Canada,6/1/2020,FALSE
Canada,6/2/2020,FALSE
Canada,6/3/2020,FALSE
Canada,6/4/2020,FALSE
Canada,6/5/2020,FALSE
Canada,6/6/2020,FALSE
Canada,6/7/2020,FALSE
Canada,6/8/2020,FALSE
Canada,6/9/2020,FALSE
Canada,6/10/2020,FALSE
Canada,6/11/2020,FALSE
Canada,6/12/2020,FALSE
Canada,6/13/2020,FALSE
Canada,6/14/2020,FALSE
Canada,6/15/2020,FALSE
Canada,6/16/2020,FALSE
Canada,6/17/2020,FALSE
Canada,6/18/2020,FALSE
Canada,6/19/2020,FALSE
Canada,6/20/2020,FALSE
Canada,6/21/2020,FALSE
Canada,6/22/2020,FALSE
Canada,6/23/2020,FALSE
Canada,6/24/2020,FALSE
Canada,6/25/2020,FALSE
Canada,6/26/2020,FALSE
Canada,6/27/2020,FALSE
Canada,6/28/2020,FALSE
Canada,6/29/2020,FALSE
Canada,6/30/2020,FALSE
Canada,7/1/2020,FALSE
Canada,7/2/2020,FALSE
Canada,7/3/2020,FALSE
Canada,7/4/2020,FALSE
Canada,7/5/2020,FALSE
Canada,7/6/2020,FALSE
Canada,7/7/2020,FALSE
Canada,7/8/2020,FALSE
Canada,7/9/2020,FALSE
Canada,7/10/2020,FALSE
Canada,7/11/2020,FALSE
Canada,7/12/2020,FALSE
Canada,7/13/2020,FALSE
Canada,7/14/2020,FALSE
Canada,7/15/2020,FALSE
Canada,7/16/2020,FALSE
Canada,7/17/2020,FALSE
Canada,7/18/2020,FALSE
Canada,7/19/2020,FALSE
Canada,7/20/2020,FALSE
Canada,7/21/2020,FALSE
Canada,7/22/2020,FALSE
Canada,7/23/2020,FALSE
Canada,7/24/2020,FALSE
Canada,7/25/2020,FALSE
Canada,7/26/2020,FALSE
Canada,7/27/2020,FALSE
Canada,7/28/2020,FALSE
Canada,7/29/2020,FALSE
Canada,7/30/2020,FALSE
Canada,7/31/2020,FALSE
Canada,8/1/2020,FALSE
Canada,8/2/2020,FALSE
Canada,8/3/2020,FALSE
Canada,8/4/2020,FALSE
Canada,8/5/2020,FALSE
Canada,8/6/2020,FALSE
Canada,8/7/2020,FALSE
Canada,8/8/2020,FALSE
Canada,8/9/2020,FALSE
Canada,8/10/2020,FALSE
Canada,8/11/2020,FALSE
Canada,8/12/2020,FALSE
Canada,8/13/2020,FALSE
Canada,8/14/2020,FALSE
Canada,8/15/2020,FALSE
Canada,8/16/2020,FALSE
Canada,8/17/2020,FALSE
Canada,8/18/2020,FALSE
Canada,8/19/2020,FALSE
Canada,8/20/2020,FALSE
Canada,8/21/2020,FALSE
Canada,8/22/2020,FALSE
Canada,8/23/2020,FALSE
Canada,8/24/2020,FALSE
Canada,8/25/2020,FALSE
Canada,8/26/2020,FALSE
Canada,8/27/2020,FALSE
Canada,8/28/2020,FALSE
Canada,8/29/2020,FALSE
Canada,8/30/2020,FALSE
Canada,8/31/2020,FALSE
Canada,9/1/2020,FALSE
Canada,9/2/2020,FALSE
Canada,9/3/2020,FALSE
Canada,9/4/2020,FALSE
Canada,9/5/2020,FALSE
Canada,9/6/2020,FALSE
Canada,9/7/2020,FALSE
Canada,9/8/2020,FALSE
Canada,9/9/2020,FALSE
Canada,9/10/2020,FALSE
Canada,9/11/2020,FALSE
Canada,9/12/2020,FALSE
Canada,9/13/2020,FALSE
Canada,9/14/2020,FALSE
Canada,9/15/2020,FALSE
Canada,9/16/2020,FALSE
Canada,9/17/2020,FALSE
Canada,9/18/2020,FALSE
Canada,9/19/2020,FALSE
Canada,9/20/2020,FALSE
Canada,9/21/2020,FALSE
Canada,9/22/2020,FALSE
Canada,9/23/2020,FALSE
Canada,9/24/2020,FALSE
Canada,9/25/2020,FALSE
Canada,9/26/2020,FALSE
Canada,9/27/2020,FALSE
Canada,9/28/2020,FALSE
Canada,9/29/2020,FALSE
Canada,9/30/2020,FALSE
Canada,10/1/2020,FALSE
Canada,10/2/2020,FALSE
Canada,10/3/2020,FALSE
Canada,10/4/2020,FALSE
Canada,10/5/2020,FALSE
Canada,10/6/2020,FALSE
Canada,10/7/2020,FALSE
Canada,10/8/2020,FALSE
Canada,10/9/2020,FALSE
Canada,10/10/2020,FALSE
Canada,10/11/2020,FALSE
Canada,10/12/2020,FALSE
Canada,10/13/2020,FALSE
Canada,10/14/2020,FALSE
Canada,10/15/2020,FALSE
Canada,10/16/2020,FALSE
Canada,10/17/2020,FALSE
Canada,10/18/2020,FALSE
Canada,10/19/2020,FALSE
Canada,10/20/2020,FALSE
Canada,10/21/2020,FALSE
Canada,10/22/2020,FALSE
Canada,10/23/2020,FALSE
Canada,10/24/2020,FALSE
Canada,10/25/2020,FALSE
Canada,10/26/2020,FALSE
Canada,10/27/2020,FALSE
Canada,10/28/2020,FALSE
Canada,10/29/2020,FALSE
Canada,10/30/2020,FALSE
Canada,10/31/2020,FALSE
Canada,11/1/2020,FALSE
Canada,11/2/2020,FALSE
Canada,11/3/2020,FALSE
Canada,11/4/2020,FALSE
Canada,11/5/2020,FALSE
Canada,11/6/2020,FALSE
Canada,11/7/2020,FALSE
Canada,11/8/2020,FALSE
Canada,11/9/2020,FALSE
Canada,11/10/2020,FALSE
Canada,11/11/2020,FALSE
Canada,11/12/2020,FALSE
Canada,11/13/2020,FALSE
Canada,11/14/2020,FALSE
Canada,11/15/2020,FALSE
Canada,11/16/2020,FALSE
Canada,11/17/2020,FALSE
Canada,11/18/2020,FALSE
Canada,11/19/2020,FALSE
Canada,11/20/2020,FALSE
Canada,11/21/2020,FALSE
Canada,11/22/2020,FALSE
Canada,11/23/2020,FALSE
Canada,11/24/2020,FALSE
Canada,11/25/2020,FALSE
Canada,11/26/2020,FALSE
Canada,11/27/2020,FALSE
Canada,11/28/2020,FALSE
Canada,11/29/2020,FALSE
Canada,11/30/2020,FALSE
Canada,12/1/2020,FALSE
Canada,12/2/2020,FALSE
Canada,12/3/2020,FALSE
Canada,12/4/2020,FALSE
Canada,12/5/2020,FALSE
Canada,12/6/2020,FALSE
Canada,12/7/2020,FALSE
Canada,12/8/2020,FALSE
Canada,12/9/2020,FALSE
Canada,12/10/2020,FALSE
Canada,12/11/2020,FALSE
Canada,12/12/2020,FALSE
Canada,12/13/2020,FALSE
Canada,12/14/2020,FALSE
Canada,12/15/2020,FALSE
Canada,12/16/2020,FALSE
Canada,12/17/2020,FALSE
Canada,12/18/2020,FALSE
Canada,12/19/2020,FALSE
Canada,12/20/2020,FALSE
Canada,12/21/2020,FALSE
Canada,12/22/2020,FALSE
Canada,12/23/2020,FALSE
Canada,12/24/2020,FALSE
Canada,12/25/2020,FALSE
Canada,12/26/2020,FALSE
Canada,12/27/2020,FALSE
Canada,12/28/2020,FALSE
Canada,12/29/2020,FALSE
Canada,12/30/2020,FALSE
Canada,12/31/2020,FALSE
Canada,1/1/2021,FALSE
Canada,1/2/2021,FALSE
Canada,1/3/2021,FALSE
Canada,1/4/2021,FALSE
Canada,1/5/2021,FALSE
Canada,1/6/2021,FALSE
Canada,1/7/2021,FALSE
Canada,1/8/2021,FALSE
Canada,1/9/2021,FALSE
Canada,1/10/2021,FALSE
Canada,1/11/2021,FALSE
Canada,1/12/2021,FALSE
Canada,1/13/2021,FALSE
Canada,1/14/2021,FALSE
Canada,1/15/2021,FALSE
Canada,1/16/2021,FALSE
Canada,1/17/2021,FALSE
Canada,1/18/2021,FALSE
Canada,1/19/2021,FALSE
Canada,1/20/2021,FALSE
Canada,1/21/2021,FALSE
Canada,1/22/2021,FALSE
Canada,1/23/2021,FALSE
Canada,1/24/2021,FALSE
Canada,1/25/2021,FALSE
Canada,1/26/2021,FALSE
Canada,1/27/2021,FALSE
Canada,1/28/2021,FALSE
Canada,1/29/2021,FALSE
Canada,1/30/2021,FALSE
Canada,1/31/2021,FALSE
Canada,2/1/2021,FALSE
Canada,2/2/2021,FALSE
Canada,2/3/2021,FALSE
Canada,2/4/2021,FALSE
Canada,2/5/2021,FALSE
Canada,2/6/2021,FALSE
Canada,2/7/2021,FALSE
Canada,2/8/2021,FALSE
Canada,2/9/2021,FALSE
Canada,2/10/2021,FALSE
Canada,2/11/2021,FALSE
Canada,2/12/2021,FALSE
Canada,2/13/2021,FALSE
Canada,2/14/2021,FALSE
Canada,2/15/2021,FALSE
Canada,2/16/2021,FALSE
Canada,2/17/2021,FALSE
Canada,2/18/2021,FALSE
Canada,2/19/2021,FALSE
Canada,2/20/2021,FALSE
Canada,2/21/2021,FALSE
Canada,2/22/2021,FALSE
Canada,2/23/2021,FALSE
Canada,2/24/2021,FALSE
Canada,2/25/2021,FALSE
Canada,2/26/2021,FALSE
Canada,2/27/2021,FALSE
Canada,2/28/2021,FALSE
Canada,3/1/2021,FALSE
Canada,3/2/2021,FALSE
Canada,3/3/2021,FALSE
Canada,3/4/2021,FALSE
Canada,3/5/2021,FALSE
Canada,3/6/2021,FALSE
Canada,3/7/2021,FALSE
Canada,3/8/2021,FALSE
Canada,3/9/2021,FALSE
Canada,3/10/2021,FALSE
Canada,3/11/2021,FALSE
Canada,3/12/2021,FALSE
Canada,3/13/2021,FALSE
Canada,3/14/2021,FALSE
Canada,3/15/2021,FALSE
Canada,3/16/2021,FALSE
Canada,3/17/2021,FALSE
Canada,3/18/2021,FALSE
Canada,3/19/2021,FALSE
Canada,3/20/2021,FALSE
Canada,3/21/2021,FALSE
Canada,3/22/2021,FALSE
Canada,3/23/2021,FALSE
Canada,3/24/2021,FALSE
Canada,3/25/2021,FALSE
Canada,3/26/2021,FALSE
Canada,3/27/2021,FALSE
Canada,3/28/2021,FALSE
Canada,3/29/2021,FALSE
Canada,3/30/2021,FALSE
Canada,3/31/2021,FALSE
Canada,4/1/2021,FALSE
Canada,4/2/2021,FALSE
Canada,4/3/2021,FALSE
Canada,4/4/2021,FALSE
Canada,4/5/2021,FALSE
Canada,4/6/2021,FALSE
Canada,4/7/2021,FALSE
Canada,4/8/2021,FALSE
Canada,4/9/2021,FALSE
Canada,4/10/2021,FALSE
Canada,4/11/2021,FALSE
Canada,4/12/2021,FALSE
Canada,4/13/2021,FALSE
Canada,4/14/2021,FALSE
Canada,4/15/2021,FALSE
Canada,4/16/2021,FALSE
Canada,4/17/2021,FALSE
Canada,4/18/2021,FALSE
Canada,4/19/2021,FALSE
Canada,4/20/2021,FALSE
Canada,4/21/2021,FALSE
Canada,4/22/2021,FALSE
Canada,4/23/2021,FALSE
Canada,4/24/2021,FALSE
Canada,4/25/2021,FALSE
Canada,4/26/2021,FALSE
Canada,4/27/2021,FALSE
Canada,4/28/2021,FALSE
Canada,4/29/2021,FALSE
Canada,4/30/2021,FALSE
Canada,5/1/2021,FALSE
Canada,5/2/2021,FALSE
Canada,5/3/2021,FALSE
Canada,5/4/2021,FALSE
Canada,5/5/2021,FALSE
Canada,5/6/2021,FALSE
Canada,5/7/2021,FALSE
Canada,5/8/2021,FALSE
Canada,5/9/2021,FALSE
Canada,5/10/2021,FALSE
Canada,5/11/2021,FALSE
Canada,5/12/2021,FALSE
Canada,5/13/2021,FALSE
Canada,5/14/2021,FALSE
Canada,5/15/2021,FALSE
Canada,5/16/2021,FALSE
Canada,5/17/2021,FALSE
Canada,5/18/2021,FALSE
Canada,5/19/2021,FALSE
Canada,5/20/2021,FALSE
Canada,5/21/2021,FALSE
Canada,5/22/2021,FALSE
Canada,5/23/2021,FALSE
Canada,5/24/2021,FALSE
Canada,5/25/2021,FALSE
Canada,5/26/2021,FALSE
Canada,5/27/2021,FALSE
Canada,5/28/2021,FALSE
Canada,5/29/2021,FALSE
Canada,5/30/2021,FALSE
Canada,5/31/2021,FALSE
Canada,6/1/2021,FALSE
Canada,6/2/2021,FALSE
Canada,6/3/2021,FALSE
Canada,6/4/2021,FALSE
Canada,6/5/2021,FALSE
Canada,6/6/2021,FALSE
Canada,6/7/2021,FALSE
Canada,6/8/2021,FALSE
Canada,6/9/2021,FALSE
Canada,6/10/2021,FALSE
Canada,6/11/2021,FALSE
Canada,6/12/2021,FALSE
Canada,6/13/2021,FALSE
Canada,6/14/2021,FALSE
Canada,6/15/2021,FALSE
Canada,6/16/2021,FALSE
Canada,6/17/2021,FALSE
Canada,6/18/2021,FALSE
Canada,6/19/2021,FALSE
Canada,6/20/2021,FALSE
Canada,6/21/2021,FALSE
Canada,6/22/2021,FALSE
Canada,6/23/2021,FALSE
Canada,6/24/2021,FALSE
Canada,6/25/2021,FALSE
Canada,6/26/2021,FALSE
Canada,6/27/2021,FALSE
Canada,6/28/2021,FALSE
Canada,6/29/2021,FALSE
Canada,6/30/2021,FALSE
Canada,7/1/2021,FALSE
Canada,7/2/2021,FALSE
Canada,7/3/2021,FALSE
Canada,7/4/2021,FALSE
Canada,7/5/2021,FALSE
Canada,7/6/2021,FALSE
Canada,7/7/2021,FALSE
Canada,7/8/2021,FALSE
Canada,7/9/2021,FALSE
Canada,7/10/2021,FALSE
Canada,7/11/2021,FALSE
Canada,7/12/2021,FALSE
Canada,7/13/2021,FALSE
Canada,7/14/2021,FALSE
Canada,7/15/2021,FALSE
Canada,7/16/2021,FALSE
Canada,7/17/2021,FALSE
Canada,7/18/2021,FALSE
Canada,7/19/2021,FALSE
Canada,7/20/2021,FALSE
Canada,7/21/2021,FALSE
Canada,7/22/2021,FALSE
Canada,7/23/2021,FALSE
Canada,7/24/2021,FALSE
Canada,7/25/2021,FALSE
Canada,7/26/2021,FALSE
Canada,7/27/2021,FALSE
Canada,7/28/2021,FALSE
Canada,7/29/2021,FALSE
Canada,7/30/2021,FALSE
Canada,7/31/2021,FALSE
Canada,8/1/2021,FALSE
Canada,8/2/2021,FALSE
Canada,8/3/2021,FALSE
Canada,8/4/2021,FALSE
Canada,8/5/2021,FALSE
Canada,8/6/2021,FALSE
Canada,8/7/2021,FALSE
Canada,8/8/2021,FALSE
Canada,8/9/2021,FALSE
Canada,8/10/2021,FALSE
Canada,8/11/2021,FALSE
Canada,8/12/2021,FALSE
Canada,8/13/2021,FALSE
Canada,8/14/2021,FALSE
Canada,8/15/2021,FALSE
Canada,8/16/2021,FALSE
Canada,8/17/2021,FALSE
Canada,8/18/2021,FALSE
Canada,8/19/2021,FALSE
Canada,8/20/2021,FALSE
Canada,8/21/2021,FALSE
Canada,8/22/2021,FALSE
Canada,8/23/2021,FALSE
Canada,8/24/2021,FALSE
Canada,8/25/2021,FALSE
Canada,8/26/2021,FALSE
Canada,8/27/2021,FALSE
Canada,8/28/2021,FALSE
Canada,8/29/2021,FALSE
Canada,8/30/2021,FALSE
Canada,8/31/2021,FALSE
Canada,9/1/2021,FALSE
Canada,9/2/2021,FALSE
Canada,9/3/2021,FALSE
Canada,9/4/2021,FALSE
Canada,9/5/2021,FALSE
Canada,9/6/2021,FALSE
Canada,9/7/2021,FALSE
Canada,9/8/2021,FALSE
Canada,9/9/2021,FALSE
Canada,9/10/2021,FALSE
Canada,9/11/2021,FALSE
Canada,9/12/2021,FALSE
Canada,9/13/2021,FALSE
Canada,9/14/2021,FALSE
Canada,9/15/2021,FALSE
Canada,9/16/2021,FALSE
Canada,9/17/2021,FALSE
Canada,9/18/2021,FALSE
Canada,9/19/2021,FALSE
Canada,9/20/2021,FALSE
Canada,9/21/2021,FALSE
Canada,9/22/2021,FALSE
Canada,9/23/2021,FALSE
Canada,9/24/2021,FALSE
Canada,9/25/2021,FALSE
Canada,9/26/2021,FALSE
Canada,9/27/2021,FALSE
Canada,9/28/2021,FALSE
Canada,9/29/2021,FALSE
Canada,9/30/2021,FALSE
Canada,10/1/2021,FALSE
Canada,10/2/2021,FALSE
Canada,10/3/2021,FALSE
Canada,10/4/2021,FALSE
Canada,10/5/2021,FALSE
Canada,10/6/2021,FALSE
Canada,10/7/2021,FALSE
Canada,10/8/2021,FALSE
Canada,10/9/2021,FALSE
Canada,10/10/2021,FALSE
Canada,10/11/2021,FALSE
Canada,10/12/2021,FALSE
Canada,10/13/2021,FALSE
Canada,10/14/2021,FALSE
Canada,10/15/2021,FALSE
Canada,10/16/2021,FALSE
Canada,10/17/2021,FALSE
Canada,10/18/2021,FALSE
Canada,10/19/2021,FALSE
Canada,10/20/2021,FALSE
Canada,10/21/2021,FALSE
Canada,10/22/2021,FALSE
Canada,10/23/2021,FALSE
Canada,10/24/2021,FALSE
Canada,10/25/2021,FALSE
Canada,10/26/2021,FALSE
Canada,10/27/2021,FALSE
Canada,10/28/2021,FALSE
Canada,10/29/2021,FALSE
Canada,10/30/2021,FALSE
Canada,10/31/2021,FALSE
Canada,11/1/2021,FALSE
Canada,11/2/2021,FALSE
Canada,11/3/2021,FALSE
Canada,11/4/2021,FALSE
Canada,11/5/2021,FALSE
Canada,11/6/2021,FALSE
Canada,11/7/2021,FALSE
Canada,11/8/2021,FALSE
Canada,11/9/2021,FALSE
Canada,11/10/2021,FALSE
Canada,11/11/2021,FALSE
Canada,11/12/2021,FALSE
Canada,11/13/2021,FALSE
Canada,11/14/2021,FALSE
Canada,11/15/2021,FALSE
Canada,11/16/2021,FALSE
Canada,11/17/2021,FALSE
Canada,11/18/2021,FALSE
Canada,11/19/2021,FALSE
Canada,11/20/2021,FALSE
Canada,11/21/2021,FALSE
Canada,11/22/2021,FALSE
Canada,11/23/2021,FALSE
Canada,11/24/2021,FALSE
Canada,11/25/2021,FALSE
Canada,11/26/2021,FALSE
Canada,11/27/2021,FALSE
Canada,11/28/2021,FALSE
Canada,11/29/2021,FALSE
Canada,11/30/2021,FALSE
Canada,12/1/2021,FALSE
Canada,12/2/2021,FALSE
Canada,12/3/2021,FALSE
Canada,12/4/2021,FALSE
Canada,12/5/2021,FALSE
Canada,12/6/2021,FALSE
Canada,12/7/2021,FALSE
Canada,12/8/2021,FALSE
Canada,12/9/2021,FALSE
Canada,12/10/2021,FALSE
Canada,12/11/2021,FALSE
Canada,12/12/2021,FALSE
Canada,12/13/2021,FALSE
Canada,12/14/2021,FALSE
Canada,12/15/2021,FALSE
Canada,12/16/2021,FALSE
Canada,12/17/2021,FALSE
Canada,12/18/2021,FALSE
Canada,12/19/2021,FALSE
Canada,12/20/2021,FALSE
Canada,12/21/2021,FALSE
Canada,12/22/2021,FALSE
Canada,12/23/2021,FALSE
Canada,12/24/2021,FALSE
Canada,12/25/2021,FALSE
Canada,12/26/2021,FALSE
Canada,12/27/2021,FALSE
Canada,12/28/2021,FALSE
Canada,12/29/2021,FALSE
Canada,12/30/2021,FALSE
Canada,12/31/2021,FALSE
Canada,1/1/2022,FALSE
Canada,1/2/2022,FALSE
Canada,1/3/2022,FALSE
Canada,1/4/2022,FALSE
Canada,1/5/2022,FALSE
Canada,1/6/2022,FALSE
Canada,1/7/2022,FALSE
Canada,1/8/2022,FALSE
Canada,1/9/2022,FALSE
Canada,1/10/2022,FALSE
Canada,1/11/2022,FALSE
Canada,1/12/2022,FALSE
Canada,1/13/2022,FALSE
Canada,1/14/2022,FALSE
Canada,1/15/2022,FALSE
Canada,1/16/2022,FALSE
Canada,1/17/2022,FALSE
Canada,1/18/2022,FALSE
Canada,1/19/2022,FALSE
Canada,1/20/2022,FALSE
Canada,1/21/2022,FALSE
Canada,1/22/2022,FALSE
Canada,1/23/2022,FALSE
Canada,1/24/2022,FALSE
Canada,1/25/2022,FALSE
Canada,1/26/2022,FALSE
Canada,1/27/2022,FALSE
Canada,1/28/2022,FALSE
Canada,1/29/2022,FALSE
Canada,1/30/2022,FALSE
Canada,1/31/2022,FALSE
Canada,2/1/2022,FALSE
Canada,2/2/2022,FALSE